-0.053861607,0.198412698
0.061066468,0
0.002840909,-0.049430354
-0.057086767,0.044871795
0,-0.035028388
0.058379121,0.149710394
0.04168956,0.180233771
0.119907566,0.242788462
0.108843021,0.419871795
0,-0.24375
0.003472222,0.012019231
0.007852564,0.006410256
0.007852564,0.006410256
0.007852564,0
0.080128205,0
-0.017838542,-0.09385334
-0.015856481,-0.104008838
-0.031155303,-0.119097222
-0.03172123,-0.201822917
-0.025474834,0.013156982
-0.013267288,0.007020757
-0.006942286,0.011904762
-0.009885204,0
-0.009109312,0.0157034
-0.033416452,0.051796434
0,0.003232784
0.05952381,-0.029079395
0.030942151,0
0.002909506,0
0.243055556,0.009259259
0,0.070512821
0.046875,0.150641026
-0.020833333,-0.115056818
-0.018078733,-0.025
-0.01370041,-0.125
-0.136910787,0.044991582
0.064065934,0.018727106
0.065972222,0.065339318
0.092612045,0.002335859
-0.052350427,0.125
-0.00915404,-0.100827991
0.59375,0
0.317708333,0
0.153445513,0
0.140613553,0
-0.012444444,0.086809441
-0.04375,0.003205128
-0.064771303,0
0.011418269,0
0.043028846,0.0375
-0.041666667,-0.021341463
0.017857143,0.017501431
0.005275974,0.017842601
0.01789018,0.008749335
-0.039262821,-0.042255227
-0.022979625,-0.07290832
-0.054793111,0
0,0.0015625
0.125,0.002083333
0.075,-0.007291667
0.041666667,0
0.0625,-0.177083333
0,0.013621795
-0.007113821,0
0,0.164583333
0.052083333,-0.072000916
-0.25,0.026785714
0.092577146,0
-0.1875,0
0.107638889,0.034722222
0.064583333,0
0.027777778,0.010267857
0.020833333,0
0,-0.004734848
0,-0.120866402
0,0.017644156
0.019788159,0.013604028
0.064102564,0
-0.125,-0.145833333
0.087068089,0.041666667
0.075717734,0
0.026041667,-0.016991507
0.021949405,-0.035714286
0.034722222,-0.007215145
0.029166667,-0.030923345
0.122630071,0.00625
-0.0375,-0.083964646
0.2,0.038988095
0.065561224,0
0.076488095,0
0.018975122,0
-0.087374954,-0.028846154
0,0
0.014849624,0
0.59375,0
-0.029017857,-0.005833333
-0.041914683,-0.048611111
0.046474359,0.207570208
-0.000267094,0.311355311
-0.080357143,0.156693567
0.0078125,-0.06875
0.115384615,0
0.049278846,0.013011294
0.02501665,0
0.03792735,0.009758471
-0.046588828,0
-0.033424908,-0.042820513
-0.025,-0.053076923
0.00952381,-0.066346154
0.007637363,-0.133076923
0.012576313,-0.205128205
0,0.041614357
0,0.041614357
0.052137423,0.007630684
0.048413321,0.010682957
-0.011675824,0.048288877
0.001144689,0.055717935
0.011666667,0.050824176
0,-0.025
-0.009615385,0
-0.025769231,0
0,0.116897826
0.375,-0.245192308
0,-0.033945221
-0.077403846,0
-0.005113636,0.0625
-0.017628205,0.00487013
0.006279904,0
0.015151515,0.021896259
0.01555378,0
0,0.045833333
0.009423077,0.400692308
0.008333333,-0.058851675
0.008333333,-0.058851675
-0.033245614,-0.053571429
-0.078947368,0
0.036696429,0
-0.027777778,-0.019415323
-0.028977717,-0.005098684
-0.020669691,0
0.59375,-0.038461538
0.119591346,0
0,0.045405983
0,-0.041479354
-0.032894737,-0.104219813
-0.002010234,-0.254092262
-0.0581483,0
0.180555556,0.024305556
0.15,-0.012186666
0.154735102,0.00625
0.012609649,-0.028388278
0,-0.008928571
0.05,0
0,0.0125
0.001587302,0
0,0.051816239
0,0.009432234
0.004908425,0
0.010007123,0.0625
0.013173077,0.083333333
0,0.143452381
-0.01494391,0.023065476
-0.0625,-0.081125992
0.241319444,0.055012919
0.187239583,0.059244682
0.110890895,-0.075
-0.023717949,0
-0.031049679,0
0.011683673,0.120833333
0.009736395,0.0625
0.044802296,0
0,-0.022064394
-0.001041667,-0.041145833
-0.00610119,0
0.013888889,-0.072916667
0.123076923,0.020836971
0.11535409,0.017365355
0.029513889,0.010577448
0.017727647,0
-0.071428571,0
-0.058114035,0.211538462
0.049278846,0.024553571
0.042189953,0
0.010149573,0.504807692
0.083333333,0.009615385
0.005975632,-0.291666667
-0.083333333,-0.033863706
-0.054887821,-0.011904762
-0.078003247,0.114316239
-0.022607023,0.125
0.079310345,-0.041666667
0.020299145,0.015151515
-0.044757326,0.022270698
-0.044757326,0.022270698
-0.06906635,0.093648539
0,-0.070873397
-0.3125,-0.002449634
-0.117673993,-0.006690705
0,0
0.12797619,0
0.08531746,0
0,-0.114583333
0.004807692,-0.07375
-0.00206044,-0.10625
-0.05024897,0
0,0.01025641
0.017399267,0
0.083333333,0.0125
0.056818182,0.010416667
0.049621212,0
0.041396104,0
0.005208333,-0.012981629
0.002604167,-0.013664873
0.015997024,-0.012981629
0.002604167,-0.013664873
0.036106551,0
0,-0.052224153
-0.321428571,0.005783398
-0.214285714,0.003757025
-0.102513228,0.004293743
-0.214285714,0.003757025
0.023615641,0
-0.019929847,0.133564103
0.296875,0
-0.208333333,-0.028051901
-0.023989899,0.023026316
0.043421053,-0.087301587
-0.00447995,0
-0.00447995,0
-0.00447995,0
0,0.164524682
0.078545841,-0.022727273
0.167771435,0
-0.075,0.130681818
0.083333333,0.037683381
0,-0.013357736
-0.031351981,0.125
-0.0625,-0.055937118
-0.020297619,-0.091346154
0.068784964,0.011363636
0,0.040659341
0,0.149255952
0.113392857,0
0.011363636,0
0,-0.06784188
-0.09127938,0.125
0.003289072,0
0,0.002671733
0,0.030853994
0.25,-0.072916667
0,0.128846154
0.019871795,0.292307692
0.253205128,0.149172009
0.275774573,0
0.107142857,0
0.098557692,0.047418091
-0.024259868,-0.033854167
0.021527778,0.15
0.056891026,-0.03125
0.0125,-0.022112573
-0.029483431,-0.025098573
-0.015295139,0.061458333
0.012488426,0
0.10042735,0.072916667
0.11978022,0
0,0.004166667
0,0
0.047421329,0.04375
-0.000372024,0.025641026
0,0.285714286
0.183552632,-0.006971154
0,-0.110354084
-0.110354084,0
0.125,0.082010582
0.0625,0.155092593
0,0.130542201
0.030701754,0.011217949
0.025151822,0
0.09775641,0
0.056891026,0.073333333
0.4,0.03228022
0.066063252,0
0.042025381,0.124551282
0.027232143,0.090897817
0.141540751,0
-0.093560256,-0.125
-0.085054779,0
0,0.026531339
0.09375,0.038118132
0.009026472,-0.094618056
0.125,0.002134027
0.026707221,0
-0.013888889,0.10625
0.009403201,0.011363636
0.006182359,0.031617965
0,-0.200778388
-0.218040293,0
-0.0390625,-0.068055556
-0.01953125,-0.025
-0.145833333,-0.033253205
-0.069444444,-0.028846154
-0.145833333,-0.033253205
-0.004532967,0.011638709
0.266666667,0.002403846
0.134935897,0
-0.009878663,-0.013488248
-0.017485119,-0.014218668
0,0.058571565
0,-0.012400794
-0.015435223,0.25
-0.012348178,0.375
0.044791667,0
0,0.086023352
-0.029487179,0.000776007
-0.029487179,0.000776007
-0.007614541,0
-0.029487179,0.000776007
0,0.076342008
0.049938211,-0.050594082
0,0.034396259
0.01875,0.069444444
0.040348639,0
0.160416667,-0.0047224
-0.004166667,0
0.025694444,0
0.026215278,0
0.020972222,0
0.10042735,0.005681818
0.291666667,0.006009615
0,-0.062872024
-0.104166667,0.004557292
0.217307692,0.112332112
-0.00792298,0.0125
0.046492991,0
0,0.034759791
0,0.034759791
0,0.046260684
0.046474359,0.061538462
-0.142366562,0
0.069179538,0.022959184
-0.007518797,0.074045853
0.069650013,-0.00625
0.012445804,-0.010416667
-0.083333333,0.097052846
0.024525745,0.25
0,0.046385328
0.004807692,0.046355651
0,-0.045787546
-0.219298246,0.004761905
0,-0.058506007
-0.047008547,-0.074633097
-0.028846154,0.008928571
-0.0625,0
0.016256313,0.009389952
0,-0.067114401
0,-0.181666667
0,-0.181666667
0,-0.233333333
-0.041666667,-0.35
0,0.027680653
-0.191231685,0.087005876
0.75,0.270833333
0.298611111,0.625
0.040838068,-0.097222222
-0.083333333,0.048148148
0,0.375
0.076388889,0
0,-0.099553571
0.25,0
0.166666667,0
0.003681078,0.157872596
0.057322794,0.145833333
0.197916667,-0.004352
0.114962121,0.001487646
0.044237591,0.002875894
0.59375,-0.004352
0.097195513,0
-0.036715894,-0.0625
0,-0.021233974
0,-0.066520468
0,0
0.089285714,0
0,0.036538462
-0.076175214,0.069038716
-0.045785256,0.118466553
0.012510774,0
-0.005457303,0.079365079
-0.017464115,0
-0.074404762,0.036057692
-0.075,0
0,-0.000400641
-0.075,0.196759259
-0.0375,0.196759259
0,0.083741155
0.101699308,0
0.029761905,0.100046814
0,0.018620269
-0.09,-0.118389423
0.2875,0.073703704
0.105555556,0.154761905
0.068333333,-0.307692308
0,0.087660256
-0.75,-0.003896761
0,0.070613553
-0.203125,0.001477689
-0.035037879,-0.010626225
-0.060435179,0.012912088
0,0.051923077
0.078125,-0.125
-0.068171296,0
0,0.14499667
0,0.14499667
-0.024305556,0
0.025801094,0
0.090734649,0.010416667
0.152777778,0.089285714
0.140625,0
0.010327635,0.014880952
0.0625,-0.00151753
0.059695513,0.148639456
-0.093245614,0
-0.083657059,0
0.028445513,0
-0.017628205,-0.032936508
0.011437729,0
0.0625,0.018518519
0,0.009481838
0.045833333,-0.014423077
0.032738095,-0.023076923
0.023878205,-0.0625
0.009481838,0
-0.028389155,0.007291667
-0.009533493,0.00875
-0.101483586,-0.0375
0,-0.020531422
-0.033511578,0.004807692
0.083369755,0
0,-0.177631579
0,0.010227273
0,0.008333333
0.009090909,0
0,0.026923077
-0.013888889,0.033653846
-0.00534188,0
-0.22891363,0.03968254
0.151602564,0.117881944
0.14852208,0
0,-0.011695906
-0.007797271,0
0,-0.007797271
0,-0.125
0,-0.064917977
0,0.013621795
-0.080357143,0
0,0.050586287
0,0.103632479
0.091168091,0.009615385
-0.042922477,-0.004166667
-0.038630229,-0.020833333
-0.025941858,0
-0.042922477,-0.004166667
-0.010166743,0
0.069166667,-0.070849073
0.136769231,0.246031746
0.2,-0.028931624
0.066666667,-0.007478632
0.012962963,0.019230769
0.044590643,-0.083333333
-0.115178571,-0.029411765
0.121731613,0
0,0.021462912
0.011298077,0.046875
-0.3125,0.336538462
0,-0.006944444
-0.270833333,-0.186687831
-0.017857143,-0.291666667
0.010732323,0.007834758
0.0625,0
0,0
0,0.057091346
0,0.045673077
-0.032692308,0.069192191
0.067593047,-0.015625
-0.09526862,0.029761905
0.023809524,0.053819444
0,-0.00758547
-0.03647298,0
0.090277778,0
-0.011363636,0.003205128
-0.15831044,0
-0.15831044,0
-0.203125,-0.015425684
0.4,0
0.322619048,0
0.5,0.053571429
0,0.01034413
0.3,-0.005819838
0.59375,0.068274457
0.17798913,0.0625
0.17798913,0.0625
0.079488963,0.009615385
0.180555556,-0.033333333
0.159305128,0
-0.125,0.202162271
-0.017857143,0.039065934
0,-0.291666667
0,0.090108401
0.013095238,0.291666667
-0.03125,0.348557692
-0.083333333,-0.137073864
0.017857143,0.0246875
-0.064182692,0
0.004166667,0.075
0.2875,0.073703704
0.105555556,0.154761905
0.011363636,0
0.125,0.044642857
0.1,0
-0.010582011,-0.052083333
0.074661085,-0.025568182
0.062487951,0
0,-0.020303308
-0.02720289,0.005681818
0,0.027163462
0.002117072,0
0.003751566,0
0.019554094,0.007765152
0.177083333,0.079861111
-0.016025641,0.028642972
0.087627188,0.010416667
0.043877188,0
0.025908438,0
0.025908438,0
0.025908438,0
0.025908438,0
0.087627188,0.015625
0.000127188,0.010416667
0.003586691,0.020973558
0.003074307,0.02578125
0.000286172,0.02578125
-0.010683761,0.022576122
0,0.112847222
0.118055556,0
0.048611111,0.002469733
0.06640625,-0.00315335
0.048611111,0.002469733
-0.009912281,0.052083333
-0.028947368,0.048214286
0,0.058257457
-0.100769275,0.020833333
0,-0.044560185
0.041203704,-0.28125
0.06867284,-0.1875
0.2,0
0,0.014102564
0.04516317,0
-0.123447866,0.019338118
0,-0.1375
-0.053508714,0
0.00942948,0
-0.27827381,0.058258068
0,0.014423077
0.089285714,-0.001602564
0,-0.022702991
0,-0.075961538
0,0.00184581
0.041666667,-0.011427808
0.023981227,0
0.179519699,-0.09375
0,0.02157162
0,0.034770785
-0.000400641,0.046875
-0.072443182,0.05178953
-0.048295455,0.111538462
0.045718864,0
0.130555556,0.047619048
0.066603175,0
0,-0.037912088
-0.058730159,-0.02457265
0.090277778,0.016019616
0.167004424,0
0.146128871,0
0.108035714,0.189903846
0,0.054487179
-0.015625,0.333333333
0,0.017210171
0,0.066290191
-0.058199786,0
0.008699634,0.007142857
0.003988604,0
0.125,0.5
0.016450216,0.002067551
0.013708514,0.002067551
0.013708514,0.002067551
0,0.008921807
-0.010307401,0
-0.011028171,-0.055410256
-0.125,-0.074381868
-0.083333333,-0.092977335
-0.041666667,0.075
0.113341346,0
0.133333333,0
0.04619391,-0.055658671
0,-0.159228929
-0.072727273,0.065829307
0.00348238,-0.010670732
-0.024839744,0.025014172
-0.000752224,0.034722222
-0.001253707,0.020833333
0.094112485,0
0.080667844,0
0,0.023809524
0.083333333,0
-0.003370241,-0.003045042
-0.011733059,-0.027777778
-0.020097462,-0.010416667
0.613095238,-0.084201389
0.141865079,0
0.345588235,0
0.008595571,-0.058145604
0.008464452,-0.075807005
0.1875,0.028075397
0,0.28003663
0.253205128,0.311355311
0.071746032,0.139940476
0,-0.03067033
0,-0.080929487
-0.094017094,-0.073076923
-0.026830808,-0.071241259
0.048450855,0.261358173
-0.005859375,-0.039310985
0.008707812,-0.077115221
-0.041658117,0.034970238
-0.032044048,0
0,0
0.017857143,-0.062354312
0.128579754,0
0.321428571,0.07977208
0.166666667,-0.1875
0,0
-0.125,0.0375
-0.039039907,-0.083333333
-0.130952381,-0.092447917
0,0.03608683
-0.120833333,0
0,0
0,0.387846154
0,0.157974838
0,0.157974838
0.620535714,0
0,0.023985043
0.014880952,0
0,0.016666667
0,-0.214912281
0.010416667,0
0,-0.066684473
0.064423077,0.192574786
0.059695513,0.165064103
0,-0.057481326
-0.326704545,-0.053030303
0.194444444,0
-0.107638889,-0.211996337
0.010409437,-0.041666667
-0.010421004,0
0,0.020378491
-0.141379892,0
0,0.246031746
0.218253968,0
0.005681818,0
-0.135964912,-0.074539097
0,0
0.000704887,-0.044047619
0.055555556,0
0.4,0.178841916
0.340178571,0.145985431
0.198636317,0.400692308
0,-0.0625
0,-0.003703704
0.016804029,0
-0.083533654,0
-0.059615385,-0.177350427
0,0.032954545
0.053776042,-0.027777778
0.042897727,0
0,-0.006734007
0,0.114316239
0,0
0,0
-0.120614035,0.003553678
-0.10124269,0.004606452
-0.031764507,0.00347555
-0.026705066,0.018878205
-0.025369812,0.020975783
0,-0.013116744
0,-0.013116744
0.057407407,-0.034090909
0.01104798,0.019128788
0.021212121,0
0.018398268,0
0.033403366,0
-0.037601626,0.163013919
-0.022606604,0.196326923
-0.022606604,0.196326923
-0.022606604,0.196326923
-0.022606604,0.196326923
-0.022606604,0.196326923
0,0.07204477
0.087229582,-0.044728119
0.054380342,0.072851563
0.039468864,0.083258929
0.016809117,0.1415625
-0.1875,0.016964286
-0.07797619,0.145833333
-0.012946429,0
-0.001357274,0.124558173
-0.001187614,0.142352198
0.027777778,-0.043003565
-0.019409784,0
-0.291666667,0
0,0.026724838
0,0.0625
0.042094017,0
-0.016447368,0
0.006993007,0.02209596
0.006993007,0.02209596
-0.026105183,0.010416667
-0.021341463,-0.010957792
-0.021341463,-0.018973214
0.002477134,-0.018973214
0.002477134,-0.021683673
0.001981707,-0.021683673
0.001981707,-0.025297619
0.057613169,-0.030406746
-0.007518797,0.0625
0,0.130074786
0.011904762,0.130074786
-0.25,0
-0.060606061,0.052804529
-0.032070707,0.061605284
0.03905994,0
0.034177448,0
-0.09415767,0.03494898
-0.063921824,0.048928571
-0.051137459,0.045833333
-0.025325518,0
0,0.1796875
-0.0078125,0
0,-0.047779304
-0.011111111,0
0,0.10340831
0.076541346,0
-0.077160494,0
0.043859649,-0.205128205
0.194493007,0.021153846
0,-0.006509204
0,0.088711437
0.059340659,0.400692308
0,0.039816434
0.060997596,0
0.039816434,0
-0.01875,0.002676917
0.045833333,0.002676917
0,0.013112495
-0.0375,0.013986661
0.4625,-0.088942308
0,0.234695513
0.176883013,0
-0.032894737,-0.015178571
-0.01987782,0
-0.145833333,-0.01552113
-0.051421958,0
-0.1875,0.1
0.003125,0
-0.023743252,0
0.000459957,0
0,-0.061431624
0.034090909,0.007242565
0,-0.065393519
-0.025,-0.065393519
0,0.065772691
0,0.097649573
0.114316239,0
0.045572917,0.067307692
0,0.038553814
0,0.038553814
0,0.084664876
0.101300905,0.057612179
-0.0625,-0.042687908
-0.029411765,0
0,0.166094322
-0.046474359,0
-0.014749888,0
0,-0.007692308
0.142617662,0.025297619
0.10409413,0.02724359
-0.011639676,0.052818627
-0.011639676,0.052818627
-0.016098485,0
0.369047619,0.223305338
0.065838675,0.125
0.016500081,0
-0.000822368,0.034722222
0.040151515,0.15625
0.135416667,0.143229167
-0.000320513,-0.104567308
0.306547619,0
0,-0.284090909
0.0625,0.145833333
0.098831301,0
0,-0.015752033
0.25,-0.007270408
0.032594905,-0.008152174
0.020833333,0.027324813
0.04203685,0
0.150641026,0
0.145833333,0.243055556
0,0.014736942
-0.05676193,0
-0.070512821,0
0.022222222,0.018353175
0,-0.045317275
-0.046382616,-0.011363636
0.145833333,-0.125
0.041666667,0
0.041666667,0
0,0.019791667
0.00625,0.0125
0.016666667,0.0125
0.178435897,0
0.193333333,-0.035700758
0,0.102083333
-0.003908693,-0.038983692
-0.05831533,-0.010057016
-0.034136214,-0.0625
-0.031773257,0
-0.030260245,0
-0.043736497,-0.015803883
-0.006555944,-0.056189904
0.020717564,-0.151442308
0,-0.055555556
0.091466346,0.137019231
-0.000158363,0.083116883
-0.000147805,0.083116883
-0.000147805,0.083116883
0,0.192307692
0,0.157537775
0,0.071557349
0,0.000728438
0,0.114285714
0,0.246031746
0,0.017258471
0,0.003487485
0.004550439,0.015541695
0.014847429,0
0,0.090550729
0.092660019,0.291666667
-0.008928571,0
0.081271259,0
0.081683673,0
0.021730769,0.239316239
-0.03125,0
-0.085604637,-0.303240741
0,0
0,0.213846154
0.271062271,0.004807692
0,0.05114184
-0.029017857,0.029274892
0,0.262846154
0,0.060713014
0,0.060713014
0,0.121606335
0.01110675,0.076388889
0.375,0
-0.011834352,0
-0.010964912,0.055281433
0.062118437,0.003829887
0.079594017,0
-0.121794872,0
-0.072790148,0
-0.046613456,0.026785714
0.059895833,0.072916667
0.059895833,0.291666667
0.625,-0.020833333
-0.018669744,0
0.111111111,0.229166667
0.067708333,0.03125
-0.016447368,-0.195064904
0.05068716,-0.02123671
0,-0.002581909
0.03125,0
-0.073547436,-0.125
0,0.007800533
0.00849359,0.008928571
0,0
-0.119047619,-0.028846154
-0.083994709,-0.038461538
-0.106707875,0
0.613095238,-0.005042989
0.204365079,0.014384921
0.119708995,0
0.072854663,0
0,0.04933281
0.044230769,0
0.076923077,0.017857143
0.051602564,0.035714286
0,-0.073000209
0.020138889,0
0,0.124319728
0.010727824,0.076666667
0.020833333,0.065094628
0.03125,0.065094628
0.051968864,0
-0.153311966,-0.023598178
-0.11199955,0.02872566
-0.036707152,-0.005494505
-0.03125,0.099874084
-0.072916667,0
0.010416667,-0.1
-0.219298246,0
0.029222222,0.208333333
0.291666667,0
0.02127849,0
0.018238706,0
0.131944444,-0.228571429
0.001851852,0
0,0.052083333
0.59375,0.013888889
0.463541667,0.041666667
0.231770833,0
0.043859649,-0.126339286
0.020897436,0.015335648
0.002644231,0.020211227
0.014845976,0
0.109217172,0
0,0
0,0
0.010462917,0
0.165878205,0
0,-0.011587302
-0.233187135,0
0.126785714,0
0,0.001869412
-0.00310359,0.003205128
0.010416667,-0.031856083
0.010416667,-0.031856083
0,-0.042992424
-0.033101852,-0.125
0.01048951,0
0.118223443,0.037521259
0.59375,0
0.166055162,-0.016447368
0.121814552,-0.016447368
0.099713225,0
0.087249072,0
-0.162774725,0.043309782
-0.162774725,0.043309782
0,0.029496352
0,0.016666667
0,0
-0.062281469,0.009615385
-0.064980159,-0.085202991
0,0.155677656
0.153472222,-0.027777778
0.029913157,0
0.028553468,0
0.050712719,0.017842153
-0.159469186,0.016367988
-9.05E-06,-0.029166667
-0.054537787,0.014961367
0,0.009615385
0,0.018589744
0,0.015491453
0.178571429,0.019495037
0.039659222,0.03125
0.032391862,0
-0.140625,-0.054086538
0.028445513,0.132033476
0.080932524,0.009920635
0,-0.028744296
0.020138889,0
0.05864899,0
0.59375,0
0.083333333,0.041488604
0.127403846,-0.010576923
-0.016447368,0.044642857
-0.008223684,0.044642857
0.011363636,0
0,0.020833333
0.049821381,0.019919555
0.087623054,-0.005208333
0.069056777,0
0.031974969,0.068864469
0,0.026388889
0.078333333,0.0175
0.028214286,0.125
-0.016447368,0.057738095
-0.012229437,0.021634615
-0.003199023,0
0,0.05085034
0,0.168269231
0.504807692,0
0.036458333,0.067638462
0.024268886,0.033110119
0.024268886,0.033110119
0.025193556,0
0,0.150952635
0.10042735,0.151041667
0.218616453,0.01171875
0.135857372,0
0.002564103,-0.0160619
0,-0.0075
0.021666667,0
0.155677656,-0.75
0.134615385,0.145833333
0.171855922,0
-0.036658654,0.038812866
0,0.1875
0,0.022526803
0.054166667,0
0,0.000386332
0.053571429,0.005723443
0.0625,0.056212121
0,-0.01625
-0.020833333,-0.035
0.014287613,-0.125
0.021085859,0
-0.066239316,0
0.0625,-0.052083333
0.041071429,0
0.01953125,-0.083333333
0,0.055316275
0.059711538,0
-0.008962091,-0.291666667
-0.048611111,0.046560847
0,-0.03125
0.129807692,-0.002164428
0,0
0.003305861,0.071703297
0.016944662,0.073351648
0.03355464,0
0,-0.065777972
-0.039379217,0.25
-0.035799288,0
0.009126483,0.047222222
-0.069832785,-0.02589607
-0.012660859,-0.056599833
0.75,-0.008699634
-0.023076923,-0.264155983
0,0.086538462
0,0.066964286
-0.005408654,0.013888889
-0.014326923,0
-0.245614035,-0.025
-0.034731935,-0.049404762
-0.013888889,0.033653846
0,-0.031563845
0,-0.031563845
-0.032894737,-0.101762821
-0.087989204,0
-0.109986505,0
-0.087989204,0
0,0.078209291
0.019871795,0.100085852
0,-0.015391156
0.125,0.133361678
-0.032894737,0.078832262
-0.032894737,0.078832262
-0.016447368,0.109814815
0.011367521,0
-0.035565342,-0.100274725
-0.06753663,-0.059353588
-0.070446123,0
-0.024305556,0.104464286
-0.019444444,0.208928571
0,-0.00561756
0.001066468,0
0.026785714,0.010208333
-0.001153274,0
0,-0.175721154
0.014952409,0
0,-0.034950038
0.002403846,-0.083333333
-0.021341463,-0.130982906
-0.032113821,-0.157692308
-0.077798624,0
-0.010670732,-0.130982906
0.031860128,0
-0.089364035,0
0,0.056891026
0.048809524,0.125
0.125,0.057751323
0.016369048,0.009259259
0.036805556,0.001488095
0.104166667,-0.005952381
0.125,-0.011229396
0.058789886,0
0.008928571,-0.062035256
0.017135989,-0.184895833
-0.029220779,-0.1015625
-0.039319535,-0.018640351
-0.025286435,0
0,0.104166667
0.072916667,0.047265466
0.053926918,-0.087915722
0.053926918,-0.123082011
0.039701141,-0.202160494
-0.008671186,0
0.010069444,0.007575758
0,0.01930766
0.213522589,0
-0.035590278,0
0.011145105,0
0.036848073,-0.0155
0.027143802,0
0.075320513,0.020833333
0.06025641,0
0.05715812,0
-0.03125,-0.015252976
0.089694687,0.096999711
0.044951923,-0.000744048
0.053846154,0.001736111
0.238976648,0
0.077380952,-0.014423077
0,-0.04280303
-0.120192308,-0.023043952
-0.084757835,-0.023043952
-0.208333333,0
0,0.033774856
0.069070513,0.101360544
0,0
-0.004326923,-0.037026862
-0.039729021,0.025
0,0.150641026
0,-0.398111111
0.096153846,0.123660714
0,-0.021815627
0,-0.023633596
-0.000721154,-0.028071854
-0.000721154,-0.028071854
0.029957203,-0.070471939
0,-0.021815627
0,0.074542125
0,-0.00709707
0.094508937,0
0.136538462,0.078559514
0,0.046849817
-0.003258547,0
0.036057692,-0.029513889
0.021153846,-0.006944444
0,0.150641026
-0.232905983,-0.015151515
-0.125,0.118923077
0.03506891,-0.041666667
-0.080128205,0
0.026244589,0.036592234
0.026244589,0.050914116
0.025149454,0.052083333
-0.017857143,0.011057692
0,-0.043429487
-0.057905983,0.002777778
0,-0.043429487
0,0.013472222
-0.0625,0.025160256
0.000842839,0.015048077
0.040707237,-0.046504519
0.013888889,0
0.050925926,0
0.078125,0.026041667
0.075238095,0
-0.008223684,-0.085679432
-0.010964912,-0.071529865
-0.004020468,-0.093220102
0.020126005,0.013621795
0.12202381,0
-0.003739316,-0.032407407
0.028869048,0
0.011235119,0.315806878
0,0.325
-0.013860544,-0.135416667
-0.016592262,-0.152083333
0,-0.075156085
0,-0.075156085
-0.019270833,0.037614469
0.012665344,0.054807692
-0.013395468,-0.015625
0.020322653,0.039772727
0.25,-0.010416667
0,-0.065029762
-0.088128307,0
0,0.021062271
0,-0.088942308
0.023958333,0.052083333
0,-0.012876972
0.028904784,-0.052083333
-0.00927826,-0.020833333
0,0.231370192
0.12293956,0.207932692
0.055944056,-0.050749251
0,-0.088942308
0,0.105820106
0,0.032211062
0.353618421,-0.041951975
0.265213816,-0.044159974
0.057264244,-0.03665374
0.005952381,-0.395833333
0,0.099330357
-0.066666667,0
0,0.215945513
0,0.183760684
0.104166667,0.150641026
0.008928571,0.009516178
0.005370225,0.002604167
0.070434982,-0.080654762
0,0.003205128
0,0.01875
0,0.075
0,0.046474359
0.016203704,0.00617284
0,-0.119444444
-0.003472222,0.026785714
-0.022916667,0.072916667
-0.022916667,0.05
-0.016036184,-0.014719611
0.075,0.02358298
0.02332294,0.035288197
0.042729592,0.023349177
-0.083333333,0
0.209935897,-0.004464286
0.209935897,-0.050595238
-0.143144684,0.024038462
0.055288462,0.002403846
0.011813187,0.004807692
0.011994949,0.014640284
0.114162458,0.005687646
0.064734525,0
0.070720315,0.006118881
0.157537775,-0.015625
-0.025,0.379807692
-0.001190476,0
0,0.003571429
0,-0.134088828
0.118662587,0
0.204166667,0.03792735
0.2875,0.030528846
-0.031036325,0.038392857
0.000320513,0
-0.00236569,0
-0.038461538,0.039620536
0.007936508,0
0,0.00952381
-0.025281407,0
0.352678571,0
0.019097222,0.03125
0.235844017,0.092122802
-0.003525641,-0.004017857
0.051190476,0.051816239
0.015625,0
-0.004542607,-0.00546875
0.010416667,0.009615385
0.019066558,0
0.004273897,0.059027778
-0.008368946,-0.014583333
0.0625,0.055793651
0.020833333,0.062454212
0.037142857,0.084910714
0.096780303,-0.0546875
0.086011905,-0.072916667
0.056212798,0
-0.066239316,-0.159920635
0,0.111283937
-0.1875,0.003968254
-0.114583333,0.097222222
-0.068027211,0.291666667
0,0.028653846
0.072115385,-0.0625
-0.001956815,0.004807692
0,0.013573597
0,0.03792735
0.064903846,-0.016025641
0,0.005804372
0.308333333,-0.311858974
-0.3125,-0.065079365
-0.138888889,0
0,0.051419157
0,0.056561072
0.043508517,0
0,0.075559799
0.104166667,0.375
0.043015516,-0.016145833
-0.00307762,0.013888889
0,0.096153846
0.75,0.16137987
0.33265,0
0.268392727,0
0.268392727,0
-0.036258435,0
0.002083333,-0.234775641
0.124542125,0.17532482
0.161081371,0.102380952
0.1409462,0.147222222
0,0.123303167
0.118401207,0.114316239
0,0.045833333
0.027428347,0.001515152
0.056891026,0.009364109
0.023999803,0.002020202
0.046474359,-0.103472222
-0.048165954,0
-0.05224359,-0.067708333
0,0.08129995
0,0.08129995
-0.112928154,0.011192645
-0.094106795,0.011192645
-0.094106795,0.011192645
0.058712121,0.05
0,0.058712121
0.02748538,0
0,-0.126648352
0,-0.126648352
0.130568959,0
-0.057152158,-0.074702381
0.020833333,0.095202564
0.067314103,0
0.094559829,-0.009615385
0.059834758,0
0.03125,0.07933547
0.59375,0.170386905
0.296875,0.088541667
0.26875,0.110677083
0.266369048,0
0,0.032564103
0,0.034278003
0,0.032564103
0.053365385,-0.050160256
0.05122549,-0.039262821
0,0.04139067
-0.014155983,-0.095238095
0.016111493,0.040264423
0,0.0453125
0.004166667,0.058333333
0.040277778,0
0.003125,0.025
0.04375,0.033333333
0.0375,0.05
-0.015,-0.00625
-0.029947917,-0.154761905
0.014880952,0.052960928
0.613095238,0.200346154
0.306547619,0.400692308
0.104166667,0
0.008440906,0.059722222
0,0.041666667
0.025,0.055555556
0.046260684,0.0625
-0.03125,0
0.03005328,-0.1875
0.078161422,-0.114583333
0.030701754,-0.007451923
0.045673077,0
0.02220696,-0.003159341
-0.020833333,0.004910714
0,0.009377968
0.016589506,0.004807692
0,-0.096513605
-0.096513605,0
-0.055273893,0.022402003
-0.092683804,0.013816045
-0.068615181,0.013414055
-0.041339613,0.017361111
0.091468254,0
0.046875,0.009615385
0,0.379807692
0,-0.307692308
-0.026442308,-0.045138889
-0.006971154,0
0.003373819,0
0,0.060989011
0,0.137846154
-0.034629693,-0.0125
0.34375,-0.058928571
0.165674603,0
-0.010384914,0.041666667
0,0.051563747
0,0.054141934
0,0.054141934
-0.125,-0.011929814
-0.086805556,-0.00717292
0.246527778,0.114675499
0.246527778,0.138714744
-0.017094017,0.008351648
-0.025641026,0.03646978
0,-0.097008547
-0.037946429,-0.116410256
0,0
0.256868132,0
0.336538462,-0.022058824
0.039644383,-0.043984962
0.029558487,-0.145833333
0.031911452,-0.25
0.125,0
0,0.006078297
0.004640895,0.004807692
-0.008992652,0
0.066768053,0.064654839
0.044512036,-0.003422619
0.068989418,0.014880952
0.029532164,-0.083333333
0.036915205,-0.041666667
0.026830844,-0.291666667
0,-0.112820513
0.296875,0.010416667
-0.15327381,0
0.014423077,0
0,-0.007356725
0.101504274,0
-0.09375,0
-0.032894737,-0.023076923
0.024122807,-0.125
0.070213351,0.09068287
0.59375,0
0.048798077,0.001644189
0.038427198,0.001918221
-0.171875,-0.078125
0.045186584,0
0,0.053519918
0.202552656,0.351190476
0.287217643,0
0.056891026,0.403869048
-0.2,0.013325216
-0.066666667,0.019987825
0,0.022321429
-0.042814246,0
0,0.055293232
0.036444025,-0.041666667
-0.003971905,0
-0.018125,0.375
0.023228458,0
-0.083333333,-0.006349206
-0.033854167,-0.006926407
-0.027083333,-0.007619048
-0.019886364,0
-0.015114796,0
-0.013888889,0.001190476
-0.019886364,0.001190476
0,-0.067027244
0.010416667,0
0.027777778,0
0.128472222,0.057502003
0.128472222,0.057502003
0.040578731,0.047839506
0,0.012894918
0,-0.048206454
0,-0.048206454
0.043813006,-0.012136995
0.040442775,-0.013240358
0.225892857,-0.028846154
0.017857143,0
0.001785714,0.00577381
-0.004794974,0.019642857
-0.00014881,0
-0.017361111,-0.040839947
-0.017361111,-0.040839947
0,0.002272727
0.008928571,0.002272727
0.008928571,0.003787879
0.004464286,0.005681818
0.007936508,-0.044471154
-0.045833333,0.029959364
-0.045833333,0.029959364
-0.005410562,0
0,-0.036631944
-0.037946429,-0.026388889
0.010976608,0.041666667
0.175,-0.088942308
0.083333333,0.070260626
0.086805556,0.047248508
0,0.036032602
0.5,0.19047619
0.284027778,0
-0.260416667,0
0,0.015275984
0.016865079,0.00846232
0.013221154,-0.079266963
0.013221154,-0.079266963
0.013221154,-0.068490537
0,0.030124679
0.015586454,0.044662904
0.013385424,0.060255338
-0.060075451,0
0.009615385,0
0,0.10477023
0.041666667,0.117866508
0.07997558,-0.088942308
0,-0.003476431
0.005681818,0.015104167
0.002719503,0
0.169070513,0.0125
0.005208333,0.033588435
0.028061224,0
0,0.078713879
0.078713879,0
-0.00926274,-0.132255245
-0.099747475,0.006481481
0.018421053,0.014941077
-0.058745643,0
0,-0.001340326
-0.017857143,-0.027652789
0,-0.02752712
-0.046410256,0.001373626
-0.011698718,0
0,-0.025961538
0.158333333,0
-0.023878205,0
0.034759369,0.009615385
0.326923077,0.004273504
-0.094017094,-0.006578947
0,-0.098530713
0.065585456,0.104166667
0.296875,-0.060146104
0.095982143,0
-0.056426646,0.009259259
0.002403846,0
0.036057692,0
0.1328125,0.10591695
0.313541667,0.184857143
0.181770833,0.241071429
0.146770833,-0.017857143
0.040178571,0.0125
-0.0265087,0.028445513
-0.030289892,0
0,0
0,0.094120244
0.122147283,0.057164634
0.105512733,0
0,0.004807692
0.045970696,-0.024470899
0.025259463,0
0.129807692,-0.019510582
-0.021840659,-0.10639881
0.031994048,-0.201785714
0,0.379807692
0.023596939,0
0,-0.069711538
0,-0.069711538
0,0.041666667
0,0
0,-0.02457265
0,-0.036858974
0.017857143,0.01624053
0.017857143,0.01624053
0.036458333,0
0.05,-0.041666667
-0.016447368,0.027062729
0,0.237332112
0.311355311,0
0.053685897,0
-0.101648352,-0.009615385
-0.016447368,-0.001785714
0.125,-0.033087527
0.093482906,0
0,-0.125
-0.025,0.14150641
0.015731707,0.102095624
-0.001388889,0.146569205
0.069741216,0.100694444
0.094907407,0.081590863
0,0.127604726
0.027777778,0.097005908
0.044871795,0.09375
0.033653846,0.125
0,-0.184294872
0,-0.007003061
-0.003296703,0.000403525
0,0.022295673
0.017245023,0
0,0.379166667
0.03125,0
0,0.173958333
-0.375,-0.229166667
0.134615385,-0.054993252
0.036057692,-0.078536184
0.177579365,-0.013221154
0,-0.35
-0.0375,-0.021891534
-0.131944444,-0.044142335
-0.089571886,-0.034657729
-0.062335928,-0.063592998
0,-0.041401816
0.024305556,0.02337963
0.050994318,-0.177083333
0.052083333,0
-0.073739035,-0.053645833
0,-0.031641353
0.005681818,-0.003556911
0.016729798,-0.004268293
-0.01424304,0.041666667
0,0.104467147
0.239316239,0.029447115
0.0140625,0.003682627
0.032552083,-0.003669545
0.029101563,-0.009654631
-0.03125,0
-0.03125,0
0.125,-0.024305556
0.070950683,0.059201389
0,0.075409602
0,0
0.025,0
-0.036394161,-0.142534722
-0.067485342,0
-0.010416667,0.039583333
0.104166667,0.002840909
0.119180162,0
0.354166667,0.259566258
0.121626984,0.253617216
0.096256868,0.252403846
0.2125,0.166258997
0.030982906,-0.041666667
0.01362987,0.031089744
0.007845336,0.054487179
0.00238672,0.208333333
-0.041666667,0.024236981
0,-0.006944444
-0.05,0
0.024291498,-0.001166667
0.000648737,0
0,0.004807692
0,-0.042100694
0.0625,0.026848152
0.03125,0.026848152
-0.2265625,0.027935606
0.000457875,0.076681999
0.000228938,0.111235119
0.003940504,0.115625
0.1875,0.029166667
0.104166667,0.0125
0.1921875,0
0,0.003030303
0.003030303,0
-0.109375,0.042124542
-0.061607143,0.106570513
-0.082350456,0.141897436
-0.071337632,0.200346154
-0.062579666,0.400692308
-0.009615385,0.040613553
0.017857143,0.145833333
0.03125,-0.101811265
-0.026041667,0.023611111
-0.026041667,0.023611111
-0.019886364,0
0.122195513,-0.018541667
0.056891026,0.107208333
0.100694444,0
0.057291667,0.145833333
0,0.0428663
0.000610501,0.085416667
0,0.100320513
-0.022916667,0
0.00617284,0.00462963
0.005291005,0
-0.037202381,0.04516369
0.027777778,0.004439484
0.020833333,0.004843074
0.123611111,0.157823389
0.163988095,0.092784553
0.222704082,0.010731707
0.197470238,-0.007113821
0.1504329,0
0.027495726,0.02577152
0.017094017,0.031993554
0.044642857,-0.004578947
0.15625,0.211309524
0.161458333,0
-0.086711808,0
0.032908714,0
0.022475962,0
0,0.150641026
0.023351648,0
-0.139705882,-0.023958333
0.221031746,0
0.613095238,0.026785714
-0.073739035,-0.09375
0,0.200346154
-0.020833333,-0.022262521
-0.009531039,0.025
0.125,0.036538462
0.022222222,-0.073809524
-0.037539683,0
0.009669059,0
-0.067708333,0.416666667
-0.035949317,0
-0.13974359,-0.163461538
0,0.117549858
0.100808913,0.143162393
0.003205128,0.021729504
-0.005119122,0
-0.012116529,0
0.051136364,-0.0625
-0.167220937,0
0.103966346,-0.197916667
0.103966346,-0.1484375
-0.080128205,0
0,0.099365385
0,0.082179318
0.079040751,0.096974206
-0.035714286,0.03515625
-0.084821429,0.1875
-0.067522321,0.375
-0.058941585,-0.049768519
-0.044951321,0
-0.143930288,0.046474359
-0.055138221,0
-0.321428571,0
0,0.002595321
-0.006300693,0.016414141
-0.080692745,0
0,-0.103463788
0.05849359,0.02890625
0.056501832,0
0,0.129166667
-0.020833333,0.015714286
-0.0075,0
0,0.112311762
0.150641026,0.118253968
0.144400837,0
0,-0.070263533
0.006279904,0
0.049352134,0
0.023065476,0
0.210526316,0
0.007401316,0.003305661
-0.010547658,0
0.005208333,0.0625
0.033854167,0
0.083333333,0.03125
0,0.021571022
0.03125,0.021571022
0.021736365,0.029761905
-0.0625,0
0,-0.010453735
-0.021612358,-0.016447368
0.004152098,-0.007160656
0.004152098,-0.007160656
-0.217948718,0.041466346
-0.021708292,0.011666667
0.089285714,-0.032118666
0.089285714,-0.032118666
0.035890152,0.0625
0,-0.108202214
-0.089772727,-0.036858974
0,0.085575749
0.108840812,0.064903846
0,-0.036458333
0.026041667,-0.108092565
-0.015625,0
0,0.020381702
0,0.022419872
0,-0.043657943
-0.051425404,0
-0.084659091,0.008928571
0.166666667,0
0.125,0.145833333
0,0.067307692
0,-0.114850427
0,-0.131410256
0,-0.164262821
0,0.0875
0.056547619,0.005681818
0.4375,-0.012989354
0.4375,-0.012989354
0.045963758,0.006076389
-0.015563473,0
-0.052494518,-0.074404762
-0.072916667,0
0.020633013,0.081018519
0,0.457570208
0.166666667,-0.0625
0.058333333,0
-0.023611111,0
-0.016447368,-0.0625
-0.041666667,0.117532468
-0.1328125,-0.291666667
-0.010714286,-0.086283602
0,-0.068498357
-0.416666667,0.035353535
0.007440476,0.052787226
-0.017857143,0.059385629
0.046052632,-0.010055272
-0.028051901,-0.012040043
-0.021038925,-0.008482143
-0.012639553,0.0178822
0.017094017,0.012698413
0,0.015934066
-0.001175214,0.058333333
0.359375,0.400692308
0.223888462,0
0.14356203,-0.0125
0.12040518,0
-0.025,0.14150641
0,0.04099026
-0.026723277,0.042216117
-0.01985792,0.055565731
-0.01985792,0.055565731
0.082465278,-0.045849116
0.014401831,0
0.013928571,0.06146978
0,-0.050595238
-0.052083333,-0.036458333
0.138888889,-0.098721591
-0.028016603,0.071393557
0.029254386,0.062741903
0,-0.053833844
0,0.083333333
0.113888889,0.1
0,0.069444444
0,-0.004928909
0,0.070975783
0,0
0.093482906,0
-0.025,0
-0.06366553,0.14478022
-0.044179797,0.253205128
0,0.158653846
0.017307692,0
-0.002083333,-0.022727273
-0.194444444,-0.121527778
0.020333759,0
0,0.162637363
-0.219298246,-0.041666667
-0.131578947,0
0.019675926,0.000727346
0.019675926,0.000935159
0.09546614,0
0,0.129807692
-0.004154266,-0.082429029
0,0.139750874
0.134615385,-0.0136296
0.068584656,0.013888889
0.096450617,0.009259259
0,0.174618437
0.139499389,0
-0.015178571,0.046747967
-0.073218509,0.25
-0.125,-0.011929814
-0.086805556,-0.00717292
0,0.0125
-0.0625,0
-0.024435287,-0.009214744
0.145833333,0.181403609
0.097222222,0.18118315
0.313541667,0.179487179
0.129962121,0.239316239
-0.010670732,-0.027507427
-0.027890696,-0.038461538
0.181666667,0
0,0.055561687
0.099886343,-0.077412281
0.108644459,-0.05367111
-0.1875,0
-0.114583333,0
0.09375,0.01521164
0.0625,0.02281746
0.046875,0.017857143
0,-0.046677859
-0.042357295,0
0.114583333,0
0,-0.210119048
0,-0.026017385
-0.080160256,0
0,-0.211996337
0,-0.11875
0,0.024220438
0,0.05
0,0.085576923
0.069123932,0
0.068461538,0
0.062237762,0
0.060630342,0.059375
0,-0.006547619
0.003571429,-0.0125
-0.003571429,-0.025
0,0.137117584
0.151026821,0.104662698
0.132148468,0.113888889
-0.02537594,-0.026041667
0,0.316666667
0.223333333,0
0.044019819,-0.024464286
0.028898675,-0.01264881
0.020922499,0.003571429
0.015188874,0.004464286
0.00784413,0.006570513
-0.5,-0.05
-0.2578125,0
0,0.009391534
-0.017628205,0
-0.007135226,0.110155468
0,0.145833333
0.59375,0.016917909
0.077696609,0.030679836
0.057512626,0.01474359
-0.057692308,0.020032051
-0.180128205,-0.125
0,0.056776557
0,0.017952381
-0.031746032,0.061666667
-0.031746032,0.061666667
-0.011444444,0.038651316
0.034722222,0.047558923
0,0.041614057
0,0.027083333
0,0.0625
0.127232143,-0.027001096
-0.025955711,0.000143346
0.06875,0.015555556
0.06875,0.015555556
0,0.125
0.025,0.375
0.072388993,-0.032802967
0.119666667,0.015625
0.59375,-0.04981685
0.050941506,0.0375
-0.1328125,-0.041648352
0.090945513,0.2265625
0,-0.246794872
-0.029340278,0.008564815
-0.022172619,0.025
-0.079391804,0
0,-0.038397945
0.049145299,-0.303240741
0,0.165064103
0,0.206330128
-0.144602273,0.00625
0.003205128,0
0.001923077,0
0,-0.04708486
0.2,0.232371795
0,0
-0.010964912,0.016186253
0.015729665,-0.010670732
0,0.196295024
0.122458791,0.229166667
0,-0.035732323
-0.120701058,-0.008599888
-0.120701058,-0.008599888
0,-0.090598656
0.041666667,-0.09198169
0,0.038016382
0,-0.032554945
-0.030769231,0
-0.0275,0.041666667
0.198695055,0.075
0.185018887,0
0.4375,0.139706387
0.59375,0.055025183
0,-0.040004745
0.041346154,-0.001705653
-0.025762523,0
-0.025440705,0
0.59375,0
0.271875,0
0.18125,0
0,0.010216346
0,0.018141547
-0.025751202,0.375
-0.002144608,0.009615385
0.011904762,0.001092163
-0.020576923,0.072767857
-0.004647436,0.014285714
0.023290598,0
0,0.013308169
0.040795587,-0.0625
0,-0.035732323
-0.120701058,-0.008599888
-0.120701058,-0.000239899
-0.001694577,-0.011111111
-0.001452495,0
-0.000229266,0
0.046626984,-0.036458333
0.011987179,-0.007631258
-0.061246867,0.032051282
0.104166667,0.504807692
-0.052350427,0.09375
0.031914642,-0.083333333
-0.031292517,-0.04780506
0,0.1875
0,0
0.291666667,0.10042735
0,0.089285714
0,0.039282687
0,-0.035035104
0.004807692,-0.045416667
-0.014957265,-0.061805556
-0.018304843,0
0,-0.086489662
0,-0.005326712
0,-0.003877721
0,-0.003877721
0.1125,0.0546875
0.126785714,0.125
0.079315476,0
0,-0.004928909
-0.075,-0.003720238
-0.030300454,0
0.125,-0.048009236
-0.047480688,0
-0.047596154,-0.000381563
-0.039609089,-0.010683761
0.142361111,0.166666667
0.15,0
-0.03298801,0
0,0.003289474
0.031410256,0
0.062820513,0
0.044871795,0
0,0.155677656
-0.114583333,0.010416667
0,0.015381708
0.043686224,-0.014761905
0.023953428,0.019642857
0.090734649,0
-0.027232143,0
0.145833333,0
0,0.191945084
0.152777778,0.216690934
-0.052777778,0.117742674
0,0.014741326
0.10042735,-0.010964482
0.021074164,0
0.189903846,0.011363636
0.023306084,0
2.91E-05,0.071428571
0.15327381,0.01832483
0.124768519,0.005654762
0.112291667,0.009424603
0.094391026,0
0,-0.014880952
0.034722222,0
0,0.055555556
0,-0.028506563
-0.076094106,0
-0.07072771,0.00422619
-0.064358078,0.033422619
-0.039486786,0.03125
-0.060919629,0.171875
0.045454545,0.085138462
0.015151515,0.133564103
-0.1875,-0.020833333
0.114583333,0.087415312
0.076304201,0.135416667
0.04032634,-0.072916667
-0.07257326,0.05
0,-0.014003358
-0.016145833,0
0.093635531,0.004807692
0.109241453,0.003205128
0.079594017,0.071047009
0.003205128,-0.0625
0.003205128,-0.0625
-0.013221154,0
0,0.074965659
0.015625,0.025378788
-0.017035141,0.016826923
0.010416667,0.078125
0.041666667,0
0,-0.031640708
-0.094017094,-0.009428072
0,0.251089744
-0.03125,0
-0.015625,0
0.023987174,-0.09312996
0.036258013,0.34375
-0.130048679,-0.255208333
0.1875,0.054761905
0.225,0.044642857
0.1875,0
0.044152276,0
-0.006841968,0
0.004807692,-0.001785714
0,-0.01064592
0.043837573,0.022727273
-0.008699634,0.027777778
-0.108187135,-0.01375
-0.056187343,0
-0.081140351,0.0125
-0.119152047,-0.060185185
0.010416667,0
0.064582651,0
-0.028831845,0
0,-0.045187663
0.3,-0.065751485
0.117857143,-0.076710065
0,0.021085883
0.178571429,0.005082715
0.026041667,0
-0.225961538,-0.098958333
0.124679487,-0.174679487
-0.013020833,-0.029148352
-0.008498677,0
0,0.002083333
0.129807692,-0.192708333
0,0.017649157
0,0.019414073
0,0.021571192
0,0.026671437
0.083333333,-0.028428025
-0.006925366,-0.024543651
0.050827991,0.029694451
0.075552312,0.00015501
0.075552312,0.005912317
0.009615385,-0.011679293
0.219196429,0.09375
-0.4375,0
0.1,0.032967033
0.102403846,0
0.008263221,-0.200520833
-0.001388889,0.146569205
0.069741216,0.100694444
0.094907407,0.081590863
-0.010763889,-0.00900974
0.296875,0.018028846
0.21577381,0.044871795
0.146205357,0.004807692
0.141964286,0.009615385
0,-0.307692308
-0.020833333,0
0.137271062,0
0.052083333,-0.011202954
0.015639839,-0.014337879
0.052083333,-0.011202954
-0.01526013,-0.091346154
-0.032081405,0
-0.012456294,-0.067503925
-0.016277473,-0.091346154
-0.028788919,-0.036401099
-0.015192308,0.024305556
-0.201980311,0.052714646
-0.201980311,0.060763889
-0.201980311,0.060763889
0.125,-0.066518036
0.066666667,-0.070952572
-0.025784892,-0.142857143
-0.020397016,-0.3125
-0.006178457,-0.088770604
0.015450558,0.018518519
0,0.069871795
0.038690476,0.075567525
0.038095238,0.075567525
0.117870225,-0.016447368
0,0.01001221
0,0.029042023
-0.069444444,0.034850427
-0.052083333,0.034850427
-0.052083333,0.038722697
0.040420228,-0.055902778
-0.052083333,0.034850427
0.03505609,-0.044722222
0.036378205,-0.055902778
0,-0.072916667
0.033653846,0.039978598
0.033653846,0.039978598
0.044805195,0
0.02869883,-0.023990172
-0.014441858,0.009468006
0.058796296,-0.02069492
-0.032894737,0.018102134
-0.032894737,0.024136179
0,0.151020408
0,0.196428571
0.002083333,0
-0.000669643,0
0.110515873,0
-0.045541958,-0.291666667
0,-0.036858974
0.10909257,-0.009297647
-0.003125,-0.014155983
0.013571429,-0.052083333
0.03792735,0
0.056891026,0
0,-0.149296537
-0.183779762,0
-0.00719882,0
-0.031450321,-0.044270833
0.06025641,-0.004315476
0.023653846,0.030439815
-0.041793699,0
-0.018780073,0
-0.026292102,0
-0.217948718,0.078833617
-0.118682409,0.148313492
-0.006716009,-0.026041667
0,0
0.027777778,0
0.023958333,0
0,-0.035712317
0.020721726,-0.055606171
0.010741843,-0.07644983
0.010741843,-0.07644983
0.040917659,-0.093826176
-0.041419596,-0.00162037
0,-0.035712317
0,-0.035712317
-0.230466524,-0.032711522
0.038846154,-0.073170732
0.115348102,0
0,0.119665751
0.09375,-0.003523336
0.09375,-0.003523336
-0.109415584,0
-0.15625,-0.08912037
-0.153125,0
0,-0.10625
-0.033245614,-0.038917604
-0.036554275,0
0,0.189217033
0.022845904,0
0.2,0.047474405
0.0234375,0.11170393
0.015625,0.124830623
0.034722222,-0.010416667
-0.195387464,0
0,0.000796596
0.025191183,-0.052350427
0.065705128,0.11903808
0.114669185,0.009615385
0.056891026,0.10203264
0.018885281,-0.028042174
0.014163961,-0.043220668
-0.005964912,0
0,0.128205128
-0.010416667,0.013038831
0.002905517,0
-0.084749635,0.180555556
-0.013606459,-0.075757576
-0.046949761,0
0,0
0,0.015625
0.017857143,0
-0.02865033,0
0.065491453,-0.030849359
0.077403846,-0.017928686
0.056135531,-0.067107372
0.000109649,-0.037803248
-0.3125,-0.035714286
0.009615385,0
0.006279904,-0.1875
0,-0.042592593
-0.30625,0.011363636
-0.14921875,0.022727273
-0.078774351,0
-0.136607143,0
0,0.017644156
0.019788159,0.013604028
0.125,-0.00734127
0,0.001736111
-0.285582011,0
0.111111111,-0.483928571
0.005208333,0.019871795
0,0.036476544
0,0.034407722
0.011752137,-0.154083333
-0.018329327,-0.00206044
0,0.239316239
0.75,0
0,-0.060096154
-0.001140006,-0.072649573
0.03792735,0
-0.625,-0.009895833
-0.016447368,-0.034444444
-0.010964912,-0.05
0,0.137573099
-0.22891363,-0.016447368
-0.010416667,-0.088507326
0.009615385,0.108653846
-0.071428571,0.091269841
0.081746032,0
0,-0.039887797
-0.037694619,-0.080729167
0.59375,0.082760989
0.231198489,0
-0.125,0.002093301
-0.041309476,0
-0.014022436,0.25
-0.00436617,0.216666667
0,0.059424757
0.075420673,0
0.060336538,0
-0.021929825,-0.104166667
-0.032894737,-0.03017818
-0.056310202,0.008653846
0.1,0.022727273
0,0
0.024539263,0
0,0.017261905
0.097222222,-0.09375
0.014384921,0
0,-0.008246795
-0.032371795,0.079274892
0.002403846,0
0.008552632,0.011538462
-0.083333333,0.00334514
-0.083333333,0.00535113
-0.083333333,0.00535113
0,0.044871795
-0.073324336,0.071414263
-0.019595563,0
0.053495703,-0.137348178
0.011363636,0.016500386
0.006993007,0.017647886
-0.115590659,0.015625
0.14150641,0
-0.00547138,0
-0.006524725,0.125676282
0.007352941,-0.02457744
0,0
0,-0.007291667
0.008333333,-0.00875
0.00625,0.0125
0,0.317307692
0.003125,-0.027619048
-0.017857143,0.075
0.041666667,0.019507356
0.037398374,0.026388889
0.020760743,0.066666667
0.002310298,0.055555556
0.014597665,0
-0.041666667,0.001177041
0.177777778,0.166666667
0,0.025213675
0,-0.16875
0,0.104166667
-0.059090909,0
-0.044318182,0
-0.097563448,0.044047428
-0.052227161,0
-0.198116987,-0.005079492
0,0.004807692
0.049166667,0
0,0.15209976
0.180930569,0
-0.112069444,0.060459184
0.128205128,-0.014550265
0.111778846,-0.018353175
0.053952991,0
-0.127010234,0
0.045918367,-0.109166667
0.093269231,0.108333333
0.092708333,0
-0.120091896,-0.02249231
0.145633013,0
0,-0.028846154
0.122916667,0
0.075,0.180555556
0,0.006538462
0.023026316,0.375
0.158846154,0
0,0.044871795
0,0.131971154
0.069871795,0.207932692
0.119828089,0.015625
-0.017857143,-0.010683761
0.058333333,0.049278846
0.04375,0.065705128
-0.079166667,0.291666667
-0.4375,0.002403846
0.178445513,0.071435694
0.102635328,0.111034799
0,0.179512821
0,0.004807692
0.059695513,0
0.059695513,0
-0.095192308,0
-0.035714286,-0.035714286
0,-0.00297619
-0.004464286,0
-0.00255102,0
-0.1875,-0.058333333
0.079861111,0.075
0.134895833,0
0.40625,0
0.114413364,-0.050780886
0.062771864,0
-0.101163776,0
0,0.386769231
0,-0.098076923
0.037660256,0.427232143
0.291124847,0
-0.011949517,0.057330945
-3.13E-05,0.068797134
0,-0.057752404
-0.047764423,0
-0.21875,0.004807692
0.083333333,0
0,0.1953125
0,0
0,0.169871795
0,0
0,0.097222222
0.010416667,0.291666667
0,0.075362319
0,0.094202899
0.375,0.020833333
0,-0.057036713
-0.05708094,0
0.032083333,0
0.034970238,-0.240384615
0.036640443,0
0.016984266,0
0.0625,0
0.060267857,0
0,0.003160147
0.079594017,-0.00724359
0.04275641,-0.002804487
0.031523164,0.125
-0.0390625,-0.057551493
-0.001253858,-0.084275794
0.000795718,-0.151041667
0,0.015306122
0.400692308,0
-0.049323362,0
0.145833333,0
0,0.108802656
0.004807692,0.083333333
0.077403846,0
0.111923077,0
0.111923077,0
0.150641026,0.166666667
0.083760684,0
-0.063269231,0
0,-0.028846154
-0.041666667,0
0.291666667,-0.045634921
0.029761905,0.008928571
0,0.025641026
0.132371795,0
0,0.133928571
0.097222222,0.141369048
0.13452381,0.145833333
0.135204082,0
0.020833333,0.291666667
0.027777778,-0.125
0,0.0625
0.185576923,0
-0.060096154,0
0.020559211,0.003787879
0.028256405,-0.007575758
0.025430764,0
-0.075,-0.013393303
0.004048583,0
-0.032894737,0.044871795
0,0.021124928
0.107371795,0.033653846
0,-0.205128205
0.75,0
0,0.255952381
0.266276042,0.75
0.256749575,0
0.296875,0
0.197916667,0
0.005244755,-0.115625
0.108333333,0.003205128
-0.219298246,0
0.145833333,0
0.097222222,0
0,0.12037037
0.20327381,0.077380952
0.141468254,0.077380952
-0.009615385,0.375
-0.032852564,0.375
0,0.009695513
0.212726757,0.12797619
0,0
0.021230159,0
0,-0.093950321
0,-0.066411858
0.2875,-0.019444444
0.063151927,0
0.025,0.002232143
0.028598485,0.125
0.058333333,0
-0.177884615,-0.147596154
-0.013888889,0
0.079594017,0
0.212606838,0.286057692
0,0.3
0.183333333,0
0.083333333,0
0.041666667,0
0.027777778,0
0.006410256,0.025
0.021634615,0
0,0.025018601
0.033358135,-0.005208333
0.024525929,0
0.002232143,-0.057474275
-0.038651485,-0.058452708
-0.028128562,0
0.0625,0
-0.173611111,0
0.022727273,0.10042735
-0.116520468,-0.083333333
0,0.093313529
0,0.015625
0,0
0,-0.008628772
-0.0234375,-0.010066901
0,0.163798826
0,0.211461213
0.175595238,0.141897436
-0.065446128,0
0.022727273,0.070861678
0,0.0125
-0.0125,0.01275641
-0.024519231,0
0.01722583,0
0.165159493,0
0.05042735,0.291666667
0.063562925,0.085
0.063562925,0.085
0,0.042391807
0.155092593,0.094837711
0.041666667,0.023214286
0.083333333,0.020833333
0.064484127,0.03125
0.056175595,0
-0.054491758,0
0.026253133,0
0,-0.022257835
-0.3125,0
0,-0.139734101
0,-0.058304196
-0.038076923,0.009920635
0.016540751,0.073280118
0.041666667,0.1
0.020833333,0.125
0.016666667,0.166666667
0.013888889,0.5
0,0.269871795
0.008653846,-0.104166667
0.020138889,0
0.034455128,0
0.058760684,0
0.061755952,0.076041667
0.015905147,0.121260684
0,0.103395062
0,0.154761905
-0.09375,0
0,0
0,0
0,-0.072660256
0,0.19775641
0.4,-0.031785714
0.120535714,-0.09375
0.049107143,0
0.096807065,0.291666667
0,-0.023076923
0.037637363,0
0.4,-0.046875
0.16292735,0.01668956
0.096955128,0
0.003968254,0
0,0.096153846
0.169871795,0
-0.00358915,-0.291666667
0.164278846,0.04775641
0,0.065916896
0.016369048,0.169871795
0,0.19047619
0.088541667,0
0,0.178571429
0.0375,0.071428571
0.14375,0.107142857
0.095833333,0
-0.238636364,0.085648148
-0.208333333,0
-0.018229167,0
-0.018229167,0
-0.018229167,0
-0.014583333,0
-0.014583333,0
0.4,0
0.59375,0
0,0
0.020833333,0
-0.448170732,-0.009671126
-0.225757607,-0.020833333
0.094230769,0.083133013
0.051722756,0.155982906
0.058464973,0.211538462
-0.009033229,-0.021351675
-0.020660697,-0.022727273
0.35,0
0.064903846,0.003472222
0.171052632,0.066142191
0.009615385,0.001976595
0.006410256,-0.008333333
0.04527417,0.375
-0.05391363,-0.148809524
0,0.004807692
0.065277778,0
0,-0.036805556
0.0375,-0.090740741
0,0.043099647
0,0.043099647
0,-0.111689815
-0.091666667,-0.09375
0,0.190705128
0,-0.207905983
0.317708333,0.101862981
0.184895833,0.141225962
0.198260073,0
0,0.028245192
0.1875,0.0625
0.125,0
0.176682692,0.097061538
0.154965456,0
0.139135961,0
-0.070887446,-0.036904762
-0.046801347,0
-0.170454545,-0.027288188
0,0.088980464
-0.0625,0
0,0.419871795
0.116071429,0.010416667
0.076562592,0
0.086774668,0.008928571
0,0.004166667
0.01875,0
0.035837864,0
0.041666667,0
0,-0.027777778
0.317307692,0
0.194871795,0
0,0
-0.024305556,-0.029102449
-0.133206815,0.063542939
-0.075905016,0.132033476
-0.13125,-0.019413907
-0.208333333,0.023219697
-0.023593074,0
0.004273504,0.070833333
0.117564103,-0.145833333
0.083974359,-0.291666667
0.143253968,0.058707265
0.068594036,0.0234375
0,0.166666667
0,0.379807692
0,0.092643468
0.291666667,-0.072916667
0.005729167,0
0.4,0.077724359
0.226785714,0.093269231
-0.177350427,0
0.058928571,-0.021588828
-0.050854701,0.022727273
-0.25,0.063196179
0.052083333,0.164583333
0.0625,0.291666667
0,-0.001937797
-0.001705653,0
0,0.084316484
0.083151923,0
0.053240741,-0.163316277
-0.086379142,0
-0.127804487,-0.041927083
-0.068444056,0
-0.007017288,0.080629006
0.003115611,0.119591346
0,-0.068589744
0.048838661,0
0.625,0
-0.005128205,0.195833333
-0.029052198,0.625
0.028074307,0
0,0.025669643
-0.177350427,0
0,0.131913919
0.009615385,0
0.054588294,0
0.041666667,0.012606534
0.020833333,0.000520833
0.296875,0
-0.159118357,-0.0125
0,0.1875
0,0.128205128
-0.009841597,0.014492754
0.028442868,0
0.070238095,0
-0.075,0.020033847
0,0.016826923
0,0.008564103
0.01657197,0.075
0.008928571,0
0,0.017307692
0,0.025
0,-0.018641775
0,-0.12734375
-0.135,-0.09375
0,0.200320513
0.013075083,0.018830128
0,0.379807692
0,0.194345238
0,0.037271062
0,-0.006944444
0,0
0.145833333,0.071546053
0.097222222,0.003106725
0.195833333,0.003994361
0.077471323,0
-0.025,0
0,0.032371795
0.010273581,0.046235747
0.003664148,0.038991415
0.01661575,0.052490079
0.015208114,0.147222222
0.030755397,0
0.013888889,0.039440247
0.027777778,0
0.014880952,0.023354076
0.014880952,0.023354076
0,0.1875
0.032371795,0.151684982
-0.297888889,0
-0.095192308,0
0,0.05
-0.067708333,0
0.02307853,0
-0.1875,0
-0.080357143,0
0,-0.116897035
-0.038461538,0.053125
0.052840909,0
0.232371795,0
0.101762821,0
0,0.125
0,0.022435897
0.0625,0.004807692
-0.0390625,-0.025596357
0.093803419,0.095714286
0.08040293,0.076190476
0.09031339,0
0.094671995,0
0.126041667,0.036073432
0.126041667,0.038478327
0.074679487,0.040922619
0.068162393,0.037627551
0.054470009,0
0,0.006944444
-0.0625,-0.016447368
0,-0.07020757
0.208333333,-0.001041667
0.09375,-0.0015625
0,0.005729167
0,-0.103934056
0.005973193,-0.182654845
0.005226544,-0.165016801
-0.046052632,-0.036458333
-0.007401316,-0.0546875
0.05,-0.044867155
0.032777778,-0.056380844
0.12525641,0
0.115141803,-0.013888889
0.086356352,-0.035416667
0.067539468,-0.033854167
0.050090534,0
0.024038462,-0.027777778
0.09375,-0.082519671
-0.25,0
0,0
-0.032894737,0.20734127
0,-0.02457265
-0.057692308,-0.0625
-0.057692308,-0.125
0,0.080455259
0.005952381,0.086538462
0,-0.057692308
0,-0.00138105
0.013812576,-0.01211039
0.013289726,-0.011363636
0,-0.008814684
0,0.004807692
0,0.150641026
-0.006944444,0.023958333
-0.013888889,0.06875
0,0.010921178
0.011363636,0.004419192
0,0.002615718
0.011332418,0
-0.180613794,0
0,-0.22081044
0.009615385,0
0.028445513,0
-0.083333333,0.041997354
0.022321429,0
0,-0.170769231
-0.142307692,0
0,-0.004329004
-0.005291005,0
0,0
-0.021666667,0
-0.083333333,0.005769231
-0.0375,0
-0.117770251,0
0.030982906,-0.078846455
0.104166667,-0.038564044
-0.021939687,-0.0078125
-0.016454765,0
0,-0.07474359
0,0
-0.15,-0.0078125
0.419642857,0
-0.1015625,0.068352827
0.092032967,0
0.097222222,-0.082589286
-0.072172619,0.125
0.017857143,0.004807692
0,-0.110576923
0,0.025
0,0.011446318
-0.000877595,0
0.025,0.050708617
-0.21875,0
-0.072916667,0
-0.072916667,0
-0.04375,0
-0.036458333,0
-0.038461538,0.021222944
-0.009844322,0.022146465
0.00154533,0.030194805
0.25,-0.09375
-0.043402778,0
-0.005264423,0
-0.056818182,-0.013020833
0.049749373,0.103084702
0.128051929,0.049067982
0,0
0,0
-0.0375,0
-0.006375399,0.018660969
-0.006375399,0.02099359
-0.006375399,0.02099359
-0.029931006,0.150506122
0,0.045167049
0.1,0
0.097222222,0.069642857
-0.013888889,-0.141346154
-0.000868056,-0.076923077
0.026904762,-0.016447368
0.104166667,-0.003399123
0.031183226,-0.014423077
-0.007113821,-0.159722222
-0.082528794,0
0,0.035248316
0.019767992,0.079545455
0,-0.119230769
0,-0.119230769
-0.071614583,-0.375
0.010416667,0.065104167
0.125,0.002558831
0.048611111,0.048923077
0.013888889,0.04099359
0.024305556,0.044871795
0,-0.017428975
0.016808322,-0.1
0.046052632,0.003578482
-0.07064215,0.049131936
-0.031423587,0.0459913
-0.00673545,0.047790751
0.029513889,-0.086309524
-0.044753086,0
-0.109375,-0.015
-0.05875,0
-0.048958333,0
-0.048958333,0
-0.041964286,0
-0.10224359,-0.002819549
0.208333333,-0.009259259
0.049278846,-0.041666667
0.015710852,0
0,0.013532764
0,-0.041933761
-0.164473684,-0.057942708
-0.088815789,-0.114583333
-0.12151864,0.1875
-0.071428571,-0.042361111
-0.035714286,-0.115451389
0.138890269,0.15375
0.055555556,-0.080128205
0.029461279,-0.120192308
0,0.028846154
-0.00613327,0
0.4,0.1
0.283333333,0
-0.037985589,0
-0.004813717,0
-0.023637821,-0.039930556
0.107390873,0
0.125,0.050014518
0.075,0.060017422
0.034065041,0.014880952
0,-0.016080724
0,0.002072489
-0.0625,0.002072489
0,0.261418269
0.24793956,0.216346154
0.285910518,0.036057692
0,0.122222222
0,0.183333333
0.108333333,0
-0.013916196,0.014423077
0.022959184,0
0,-0.001815149
-0.00849359,0.009920635
0,0.21395866
0.201121795,0
-0.02734375,0.048766916
0.099826389,-0.133368946
0.072916667,-0.234775641
0.045585317,0.097420635
-0.022702991,0
0.129385965,0
-0.033333333,0
-0.049545455,0.0625
0,-0.00625
0.005681818,0
0.014583333,0.127611722
0.061024038,0
0,0.011858974
-0.011239035,-0.184895833
0.004807692,-0.005405988
0.072288984,-0.04592803
0.072288984,-0.04592803
0.019070506,-0.06640625
-0.004204378,0
0.4,0.110146949
0.4,0.087834821
0.251388889,0.167857143
0.193229167,0
0.104166667,-0.004430465
0.040449134,0
-0.125,0.033173077
-0.078125,0.028445513
-0.049242424,0.006489899
-0.019772727,0.005681818
0.040719697,0
0,0.625
-0.001388003,0
-0.047486505,0.053496503
0.011966937,0
0.014880952,0.01844246
-0.01638322,0.06577381
-0.036940837,0.4056
0.151923077,0
0,-0.025160256
0,0.153994963
0.333333333,0.179494334
0.2375,0.207368524
0.2390625,-0.009684066
0.2390625,-0.043355082
0.319921875,-0.104567308
0,0.105226024
-0.006561859,0
-0.005468216,0
-0.167945906,0
0,-0.058562271
-0.159375,0.075854701
