0,-0.3125
0.096923077,-0.032066327
0,-0.018429487
0.028589744,-0.057967033
0.032925408,-0.625
-0.330357143,0.126101763
-0.09985119,0.150641026
0.122252747,0.032124126
0.07154304,0.039262821
0.046619353,0
0.051261239,0.03125
0,-0.00865333
-0.375,0.165903541
0,-0.083791209
-0.187348178,-0.017994505
-0.22891363,-0.021845238
-0.076750215,-0.036666667
-0.09322766,-0.023015873
-0.116534576,-0.020714286
-0.066534478,-0.008333333
-0.09322766,-0.025892857
0.087487434,-0.05
0.006448413,0.110921053
0,0.24229243
0.053571429,0.24229243
0.048798077,0
0,0.167227564
0.258653846,0
0.00625,0.004166667
0.016666667,0
0,-0.104331829
0.017857143,0
0.033533654,0.027777778
0.002029915,0
-0.024232105,0
-0.005608974,-0.035243056
0.317307692,0.030982906
0.136778846,0.037179487
0.103342491,0.004807692
0.019791667,0
0,0.004092262
-0.020833333,0.004676871
0.036458333,-0.030952381
0,0.028963893
0.125,0.013883438
-0.1015625,0.022321429
0.062053571,0
-0.145833333,0
0,-0.025320513
0.144078144,-0.234775641
0,0.137853218
-0.014858059,0.023397436
-0.0033837,0.053205128
0,-0.059294872
0.239583333,0.03577152
0.191666667,0.06928228
0.092592593,-0.010576923
0.120039683,0.004807692
0,0.086724473
0.197368421,0
0.038862179,0.046474359
0,0.041399573
-0.013392857,0.0078125
0.147587719,-0.109375
0.0512267,0
0,0.504807692
0.081303419,0.280701754
-0.013888889,0.028846154
0.075636535,0.009615385
0.11025641,0
0.091880342,0
0.137820513,0
0,0.247619048
0,0.30952381
0.1875,0.613095238
0.4,-0.034912281
0.131666667,-0.016447368
0.089348371,0
0.166666667,-0.005
0.088888889,-0.027777778
0.023611111,0
0.023611111,0
0.027777778,0
0.4,0
0,0.142460317
0.130357143,0.097222222
0.135515873,0
0.116156463,0
0.013888889,-0.15625
-0.101190476,0
0.038888889,0.063456982
0,0.189441114
0.155677656,0.108164983
0.177083333,-0.008680556
0,0.009266527
0.009266527,0
0,0.190705128
0.002403846,0.504807692
-0.254166667,0
0,0.128452381
0,0.151190476
0.019937458,0
-0.875,0.076005245
0.189035088,0.075194597
-0.013888889,0.0125
-0.006944444,0.01875
0.109375,0
0,0.121031746
0,0.045192308
0.008333333,-0.081597222
0.1128663,0
0.108974359,0.114423077
-0.138221154,0
0,-0.133012821
-0.163461538,-0.041666667
-0.122596154,0
0.028769841,-0.171875
0,0.19866685
0.065705128,0.34551746
-0.003277972,0.15293398
0.124357124,0.00390625
-0.006555944,0.109847184
0.163776328,0
0.116185897,0.306547619
-0.25,0.207932692
-0.006944444,-0.036111111
0,-0.125238095
0,0.028
0.028,0
0.075,-0.02514881
-0.032894737,0
0.005840943,-0.104166667
0.038241493,0.045454545
0.015241228,0.086674659
0,0.055271291
0.013600469,0.012651822
0.033160282,-0.020580297
0.125,0.02875
0.08125,0
0,-0.05201049
0.015898569,0.152987637
0.074457049,-0.125
0.076984196,0
0.032759998,0.136577708
0.017343893,0.135989011
0.59375,0.24375
0.609375,0.59375
0.296875,0.3046875
0.59375,0.047542735
0,0.098958333
0.003205128,0.009615385
0,0.125
0.004807692,0.031570513
-0.625,-0.18452381
-0.3125,-0.208333333
-0.258333333,-0.208333333
0.12099359,-0.046479045
0.12099359,-0.046479045
0.009978632,0
0.613095238,0.030691964
0.03125,0
-0.3125,0
0.125,0.75
0,0.093970761
0.110553375,0.007371795
0,0.047533905
0.065004006,-0.044665404
0.074290293,0.000710227
0,0.1
0.14545177,0.008333333
-0.484375,0.145833333
0.089802632,0.089285714
0.059868421,0
0,0
0.18655303,-0.024305556
0.139914773,-0.03125
0.086332071,0
-0.145833333,0.040637376
-0.145833333,0.040637376
-0.004055468,0.046496212
0.005860783,0.1125
0.105387668,0
0,0.126465201
0.04375,0
0.010769885,0
0.088073577,0.094642857
0.080458861,0
0,0.176535088
0,0.264802632
0,0.132401316
0,-0.144270833
-0.052083333,-0.155952381
-0.131944444,-0.16
0,-0.02875
-0.0296875,-0.083333333
0,0.211538462
0,0.08390232
0.109175366,0.037820513
0,0.096399933
0.291666667,-0.082828698
0.006993007,0
0.058524516,0
-0.375,0
0,0.016754154
0.019546513,0
0,0.0313413
0.179487179,-0.057990476
0.001564408,-0.037833333
0,0.08059562
0.296875,0.158653846
0,-0.061503669
-0.071778003,0
0.097222222,0
-0.0625,-0.029583333
0.041458333,-0.240972222
0,0
0.159941621,0.186418956
0.140484432,0.332570208
0,0.004235348
-0.034989316,0.024038462
0.065705128,0.122619048
0.049278846,0.204365079
0.115744375,0
0.1875,0.08895866
0.221153846,-0.0357665
0,0.087885981
0,0.3
0,0.425
0,0.134935897
-0.041666667,0.151923077
0.004166667,0.189903846
-0.02609127,-0.015625
-0.019146825,-0.015625
-0.059656085,0.000905258
-0.047389069,-0.00047619
-0.033147321,0.178571429
-0.033553005,0
-0.035290751,-0.007473545
-0.063918651,0.063194444
-0.056575521,0.094791667
0.010069444,0.005302198
0.027777778,0
0,-0.125
0.107142857,0.059197833
0.071264053,0.046595982
0.59375,0
0,0.075
0.118055556,0.047916667
-0.099506579,0.1640625
-0.008891612,0
0,-0.135487993
0.017094017,-0.204834554
-0.100961538,-0.204540904
-0.032894737,0.098027715
0.056486081,0.030952381
0.029761905,-0.021875
-0.032894737,-0.038461538
-0.005012531,-0.057692308
-0.045546559,0.0625
0.096103896,0
0.085526316,-0.035828755
0,-0.106242857
0.270833333,-0.007689394
0.060119048,0.000568182
0,-0.018272548
0.015625,-0.023942308
-0.027095204,-0.005277778
-0.027095204,-0.00479798
-0.016343342,0
0,0.150641026
0,0.038854895
0.113194444,-0.04196047
0.09702381,-0.048269231
0,-0.00922619
0.014880952,-0.095833333
0,0.211309524
0.25,0
0.125,0.05625
0,0.613095238
0.054399391,0
0,-0.008422365
-0.006944444,0
0,0
0.182291667,0.004807692
0.088341346,0
0,-0.020833333
0,0.010416667
-0.125,0.020833333
-0.0625,0
0,0.144230769
0.5,0.002403846
0.252403846,0
0,0.082754274
0.105456044,0
0.1,0.12413141
0.011948329,0.302556818
0.025641026,0.117159091
0.065705128,-0.007306384
0.023580586,-0.015952381
0.026276964,-0.017708333
0.023649267,-0.002777778
0.065705128,-0.007306384
0.00857636,0
0.006321734,0
0.005926625,0
0.027777778,-0.038194444
-0.021701389,0
-0.017361111,0
0,0.013207045
0.348214286,0
0,-0.141025641
0,0.021202661
0,0.021202661
0.023322927,-0.125
-0.014270452,0.031181319
0.009065934,0.010044643
0,0.311355311
0,0.082570208
0.008552632,0.178357027
0.097421223,0.294871795
0.135193209,0
0.146609374,0.009615385
-0.011582168,0.017857143
-0.032894737,0.001923077
-0.00465587,0
-0.008118252,0
0.014914773,-0.108670113
-0.027780151,0
0.369047619,0.275793651
0.295238095,0
-0.028125,0.197368421
0,-0.086706563
-0.395833333,0.058304196
-0.111353924,-0.03125
-0.09023363,-0.03125
0,0.131923077
0,0.114583333
-0.08349359,0.061013986
0.010416667,-0.00283801
-0.007302296,0
0.027777778,0.00713141
-0.055576923,-0.013513709
-0.092628205,-0.011261424
-0.092628205,-0.011261424
-0.030139305,0.008928571
0,-0.213461538
0,-0.044471154
0.022435897,0.613095238
0,0.089423077
0,0.111778846
0,0.149038462
-0.026653171,-0.055555556
-0.017768781,-0.166666667
0.1875,0.158081502
0.199542125,0.098557692
0.014787946,0
0.060825893,-0.03125
-0.024294872,0
0.041208791,0.1
0.1875,0.25
0.141666667,0.375
0.118055556,0
0.166091779,0.020833333
0.101403061,0
0,0.06025641
0.05,0.009615385
-0.020833333,0
0.05746337,-0.173177083
-0.00976165,0
0,0.055629006
0.038576007,0.3
0.018129006,0
0.044871795,0.044871795
-0.032894737,-0.044029894
-0.056410276,0.045454545
-0.010964912,-0.048922104
0.064652372,-0.208333333
-0.352678571,0
0,0.009016876
0.169860348,-0.063942308
0.091110675,-0.073076923
0.010601898,0.003205128
0,0.201933405
0.228383459,0.3125
0.008333333,0.144675214
0.051555496,0.051987943
-0.037820513,0
0.0125,-0.040464744
-0.071714744,-0.071759259
-0.071714744,-0.071759259
-0.071714744,-0.071759259
-0.073027613,0
-0.099898613,0.02890625
-0.079918891,0.02890625
0,0.041111493
0.074839744,0.040144231
0,0.064007173
0.269047619,-0.120576923
0.130208333,0.01
0.101041667,0
-0.075,0.00462963
-0.035416667,0.022569444
-0.0265625,0.013888889
0.016666667,-0.011927656
0,0.067307692
-0.00859375,0
0.121052632,0.020833333
0.076388889,-0.041666667
-0.003472222,0
-0.004166667,0.125
0,0.085737179
0,0.114316239
0.134348291,0
-0.114583333,0.024066806
-0.144491228,0.003835979
-0.099636591,0.007312925
-0.120409357,0.001190476
0,0
0.118113553,-0.059114583
0.027777778,0.2375
0,-0.017628205
0,-0.236111111
0,0.070048077
0.129807692,-0.008333333
0.060737179,0
-0.073003154,0.101799242
0,0.016169872
-0.173611111,0.096590909
0.01875,0
0.038194444,0.5
0.087412587,0.141666667
0,0.002513112
-0.005681818,0.006927448
-0.005681818,0.006927448
0.027777778,0
0.004594017,-0.076098901
-0.106610577,-0.026709402
-0.119684829,0.148237179
-0.119684829,0.068589744
-0.006971154,-0.081952663
0,0.003205128
-0.013888889,0.004807692
0,0.105541026
0.146153846,0.094560606
0.095371795,0.15225641
0.146153846,0.094560606
0.053957495,0
0.095942982,-0.005821372
-0.013888889,0.02997449
0.003174603,0.037521259
0.023708293,0
0.2,0
-0.033333333,0
-0.025,0
0,-0.017307692
-0.060096154,0.016923077
0.095,0
0,0.182936508
-0.009294872,-0.007716049
0.072222222,0.04025641
0.093333333,-0.030128205
0.296052632,0
0.015018315,0.130288462
0,0.077403846
0.086538462,0.05
0.064903846,0
-0.062179487,-0.001705653
0,0.137179487
0.086538462,0.192307692
0,0.144230769
0.10042735,0.114583333
0.086195055,0
0,0.375
-0.15369898,-0.026241987
-0.122959184,-0.034989316
0,0
-0.0375,-0.005797774
0.044097222,-0.068181818
0.034054487,0
0.027862762,0
0.028285694,-0.019505495
0,0.049854312
0.613095238,0
0,-0.029647436
0,0.246031746
0,0.105528846
0.004276316,0
0.023684211,0
0.018229167,0
-0.065132784,0
-0.060445011,0
-0.029389881,-0.050925926
0,0.249236874
-0.301724138,0.025
-0.172619048,0
0,0
0.267582418,-0.039797009
0.214065934,-0.04775641
0.178388278,-0.049278846
0.035714286,0.085648148
0,-0.129333333
0,0.112
0,0.113776328
0.036298077,0.158333333
0.022686298,0.395833333
0,0.097315705
-0.027777778,0.190705128
0,0
0.613095238,0.067857143
0.359920635,0.084821429
0.25952381,0.044642857
0.173015873,0
0.054401328,0
0,0.05
0,0.086538462
0.1875,-0.041666667
0.09375,-0.0625
0.015625,0
0,0.405677656
0.419871795,0.613095238
0,-0.032849294
0,-0.038324176
-0.016947751,0.05
-0.012710813,0
0.083180361,-0.120192308
0.011363636,0.232371795
0.260526316,0.11395866
0.195833333,0.296017268
0.260416667,0.27428022
0.270128755,0
0.201388889,0.332142857
0.151041667,0.575
0.21140873,0
0.286458333,0
0.357638889,0
0.347222222,0.333333333
0.071674307,0
0.12603022,0.030467703
0,0.306547619
0.306547619,0
0,0.17289886
0.199145299,0
0.058436706,0
0,0.160714286
0.4375,0
-0.005899123,0
0,0.060667324
-0.013888889,0.003293651
0.011805556,0
0.004166667,0.127403846
0.00625,0.077991453
0.127604167,-0.06179972
0.152083333,-0.03019958
0,0.018778345
0.186927656,0
0.078205128,0.311355311
0.054423077,0.311355311
-0.094298246,0.009821429
0.048088972,-0.40625
0.004166667,-0.058048433
-0.036217949,0
0,0.243846154
0.211538462,0.292307692
0.204365079,-0.125
0,-0.009292349
0.014977131,0
-0.015501166,0.003391331
0,0.166826923
0.227403846,0.141666667
0.190659341,0
0,-0.066239316
-0.625,0.009615385
0.09375,-0.003571429
0.046875,-0.005952381
0.03125,0
0.024234694,0
0,0.072802198
0,-0.039539749
0.006578947,0.10159413
0.095194416,-0.032894737
0.004807692,-0.206140351
0.016666667,0.249404762
0.177777778,0.211309524
0.173333333,0
0,0.034088828
-0.005819838,0
-0.003879892,0
0,0.336538462
0.504807692,0
-0.5,0
0,-0.625
0,0.001955128
0,0.155444555
0.280677656,0.097863248
0.187118437,0.053044872
-0.003044872,-0.05
-0.002435897,-0.05
-0.032772436,0
-0.029131054,0
0,-0.004578755
0.022035256,0
0,-0.019642857
-0.05,0.025
-0.035714286,0
0.375,0
0,0.1125
0,0.1125
0,0.106089744
0.125,0.098557692
0,0.216666667
0.2875,0.145833333
0.033333333,0.135551948
0.1125,0.117356602
0.09,0.125225469
0.154166667,0.000450938
0,0.008287546
0.004273504,0.041666667
0.001831502,0
0.003205128,0.052083333
0.002136752,0.104166667
0,0.014068924
0,0.078913745
0.002403846,0.043511251
0.462797619,-0.017857143
0.204613095,0
0,0.085526316
0.348011364,0.3125
0.01812996,0
0.01812996,0
0.044270833,-0.168269231
-0.028245192,0
0.028846154,-0.0625
0,0.025750291
0.053071928,0
0,-0.053399725
-0.013888889,-0.151442308
0.425,0
0,0.03640764
0.062728938,0.016666667
0.03640764,0
0.625,0.101190476
0,0.05952381
0.085737179,-0.001984127
0.036782662,0
0,0.1875
0.027777778,0
0.270833333,0.04025641
-0.011921296,0.000345816
0.1,-0.0625
0,0.032417582
-0.041666667,0.069459707
0.045918367,-0.002097902
0,0.352576923
-0.134615385,-0.03392094
-0.017361111,0.3
0.165046296,0
0,0.051186661
-0.032894737,0.179487179
0.089462438,0.120833333
0.134615385,0.310267857
0.049427521,-0.073125334
0.037289499,-0.130889423
0,-0.011213254
0.21525641,0
0.400692308,-0.056623932
0.097940934,-0.099358974
0,0.004807692
0.276785714,0
0.102297009,0
-0.013888889,-0.104166667
0.00625,0.02797619
0.027777778,0
0.25,0
0.083333333,0
0.125,0
-0.006523338,-0.354166667
0,0.06640625
0.06640625,0
0.053125,0
0.053125,0
0.1171875,0
0,0.171260684
0.613095238,0
0,0.156550564
0.145260989,0.116159791
0.118827718,0
0,0.08511714
0.052503053,0.207570208
0.016666667,0.254807692
0.061636546,0
0,-0.103472222
-0.110416667,0
0,0.613095238
-0.004599567,0
0,0.291666667
0.03125,0.165104167
-0.005208333,-0.008333333
0.140029762,0
0.163368056,0
0.4,0.070798898
0.084448653,0.197916667
-0.0625,-0.010745614
0,0.019444444
0,0.101666667
0.139166667,0
0.063759158,0
0,0.086930926
0.316987179,-0.122596154
0.141692831,-0.015625
0.123981227,-0.020833333
0.108356227,0
0.089372202,0
0.096316646,0
-0.088593178,-0.017628205
0,-0.064938187
0,0.283195971
0.412042125,0.058035714
0.014423077,0
0,0.12900641
0.120673077,0
-0.03125,0
-0.026388889,0
-0.024166667,0
-0.015104167,0
0,0.088141026
-0.021616541,-0.081730769
-0.010808271,-0.163461538
0.040064103,0.114335317
0.082904075,0.041666667
0.05982906,0.085751488
0,0.18877551
0.197619048,0.145833333
0,0.03125
0.125,0.145833333
0.002480159,0.027777778
0.001984127,0
0,0
-0.020833333,0.041666667
0,-0.461080586
0.006448413,-0.047954545
0,0.095604396
0.232371795,0.011538462
0.002454052,-0.1875
0.613095238,0.215277778
0.314087302,0.25
0.238452381,0.375
0,-0.004640982
-0.014722222,0.009120813
0,-0.007684932
0.208333333,0
0,0.3125
0.0075,0
0.031670673,0
0.2125,-0.051592088
0.045979532,-0.06513448
-0.027777778,0
-0.047295673,0.330952381
-0.007667029,0.34077381
0.040083914,0.375
0.084739393,0
0,-0.02399594
0,-0.017369418
0,-0.026395534
0.09664075,0.390625
0.080533958,0
0.006071727,0
0.022277722,0
0.029489828,-0.131887755
0,0.106570513
0.096153846,0
0.214583333,0
-0.0125,0.026772661
0,0.024713225
-0.064395765,0.042539232
-0.003665954,0
0.0128367,0.200573549
0.011051862,0
0,-0.004807692
0.107051282,-0.246794872
0.197649573,-0.134615385
0.148237179,-0.153846154
0,0.000641026
0,0.050617042
-0.028645833,0.072198783
-0.038194444,0.08022087
-0.032738095,0.090248479
0.035201512,0
-0.01832483,0.135213893
0,0.158653846
0.022727273,0.006068376
0.002209596,0.006410256
0,0.077876984
0.066156463,0
0,0.039423077
-0.057291667,0.098557692
0,-0.106152619
-0.875,0.034912368
-0.010505952,0.002604167
-0.032894737,0
0.129166667,0.020833333
0.096875,0.125
0.0328125,0.25
0.029166667,0.25
0,0.173224461
0,0.025145539
0,0.025311554
0.044252437,0
0.029014083,0
0,-0.019230769
0.089285714,-0.007102273
0.089285714,-0.009469697
0.05952381,-0.009469697
-0.006140351,0.05228022
0.03879855,0
0.014903846,0.112444813
0.116317817,0.041755698
0.022181291,0.147628799
0.122452938,0.00238604
0,0.09375
0.099272487,0.041666667
0.1875,0.089583333
0.132738095,0
0.080102041,0
0.064880952,0
0.065178571,0.064583333
0,0.071759259
0.116071429,0.027777778
0.083333333,0.055555556
0.068181818,-0.013888889
-0.063988095,0
-0.01164422,0.0375
0.010706019,0.024609375
0.020833333,0.014085297
-0.060515873,0.116369048
0.017857143,0.096974206
0.369047619,0.400692308
0.008978175,0
-0.103432158,0
0.025641026,-0.125
0,0.012179487
0.015224359,0
0.123397436,0
0.015224359,0.001488095
-0.031450321,0.035714286
-0.069711538,0
0,0.088705739
-0.0375,0.096769897
0.093269231,0.10746337
0.061324786,0.075
0.431547619,0
0.75,0.25
0.375,0.333333333
0.25,0.5
0,0.1027169
0.109661172,0.106878976
0.099180912,0.126311517
0.081148019,0.132606908
0.087228545,0.119380482
0,0.113369963
0.155982906,-0.016025641
0,0.071313433
0,0.071313433
0.075320513,0.062178415
0.051923077,0.077723019
0,0.111805556
0.134375,0.0875
0.099166667,0.125
0.173611111,0.044444444
0.004807692,-0.003869048
0.006335852,0.17239011
0.031997169,0.315705128
0.03125,-0.005830693
-0.015204678,0
-0.016447368,-0.014583333
0.155677656,-0.067107372
0.155677656,-0.076923077
0,0.059046856
0.030397173,0.296052632
-0.016447368,0.101666667
-0.016447368,0.127083333
-0.010964912,0.2125
0.079239766,0
0.020432692,-0.038919414
0,0.158728251
0.14010989,0.0125
0,0.20404217
0.055555556,0.25972465
0.134986226,0.379807692
0.152777778,0.257226107
0.138888889,0.379807692
0,0.054807692
-0.060096154,0.004807692
0,0.011270863
-0.0625,-0.182692308
0,0.076698212
0.135791209,-0.00523088
0.084678908,0
0.044871795,0.093253968
0.009615385,0.171901709
0.155673077,0
-0.021794872,0.333333333
0.34375,0.071047009
0.046875,0.129807692
0,0.1875
0.004385965,0.125857372
0.126754386,0.079196715
0.164026231,-0.107638889
0.144569301,0
0,-0.291666667
0.010416667,0
0.084201389,0
0,-0.021291209
-0.020833333,0.046073718
0.125,0.016826923
0,-0.013190293
-0.005052294,-0.020578231
0.005208333,-0.020879487
-0.035714286,0.011637668
-0.25,0
0.076041667,0
-0.011805556,0
0,0.034455128
0.021047009,0.145833333
0.05224359,0
-0.083333333,0.100213675
0,-0.151388889
-0.038101153,0
-0.039473684,-0.029024217
-0.077232143,0
-0.053571429,-0.014041514
-0.034809982,0
0,0.083741637
0.094093407,0.009615385
0.207478632,0
0.395833333,0.119548872
0.270833333,0.11773183
0.229166667,0.070942982
-0.125,0.053125
0.013961988,0
0.082326007,0.009615385
0,0.014423077
0,0.024038462
0,0.057234432
0,0.066773504
0.044070513,0.15625
0.029380342,0.3125
-0.032894737,0.008186773
-0.009616269,0.017836293
-0.007738917,0.011532546
-0.032894737,0.008186773
-0.009616269,0.017836293
0.006861563,0
0,0.013621795
0,-0.155525031
0.02202381,0
-0.03125,0
-0.027777778,0
0.127403846,0
0.020633013,0
0.027510684,-0.041666667
0,-0.569666667
-0.008928571,0.110576923
0,0.10884272
0.133795024,0.095219017
0.127403846,0.082687402
0,0
0.25,-0.046474359
0,0
0,0.5
0.60625,0.25
0.60625,0.5
0.404166667,0.5
0.030003561,0.014974658
0.030849359,0.022352664
0.020566239,0.028172603
0.169070513,0
0,0.12034413
0,0.150430162
0.306547619,0.035885989
0.204365079,0.018086081
0,0.196657509
0.141208791,0.171474359
0.024038462,0.090361722
0.072964744,0
0.004254386,0.0625
0,0.001855288
0.032873377,0
0.333333333,0
0.016704545,-0.040530303
-0.059161932,0.041666667
-0.045795455,-0.050662879
-0.022727273,-0.051112689
0.027777778,-0.05201049
0.003410008,0
0.0453125,0
-0.031021062,-0.006547619
0.012514829,0
0.220833333,0.044236111
0.220833333,0.044236111
0,0
-0.125,0
0,0
0,0.049839744
-0.019166667,0.089099839
0.044047619,0
0,0
0,-0.120192308
0.011363636,0.039160401
0,0.048419289
0.041666667,0.053637335
0.075045788,0.030415938
0.04099359,0.09280303
0.15639881,0
0,0.025054441
0.055416667,-0.003719636
0.04280303,-0.004463563
0.017605537,0.024084852
0.003496589,0.090814777
-0.002232143,0.034455128
0,0.013265511
0.028846154,0.125
0.141559829,0
-0.032894737,0.003125
-0.016447368,0.00625
-0.018640351,0.166666667
-0.004059829,-0.049993267
-0.000352564,-0.054575702
-0.000293803,-0.058473967
-0.006814168,-0.120833333
-0.016863071,-0.25
0,0.027935606
0,0.013243336
-0.093984962,0.160714286
0,0.013243336
-0.109649123,0.160714286
0.013243336,0
-0.08699709,0.1
-0.007988722,-0.005952381
-0.001221805,0
0,0.01875
0.1375,-0.059895833
0.040972222,-0.114583333
0.049166667,-0.057291667
0,-0.003442545
0,-0.003442545
0.625,0.006058415
0.084375,0
0,0.065972222
0.106898148,-0.045673077
0.03875,0.008729523
0.003027778,0.061431624
-0.008173077,0
0,0.151041667
0.1875,0.091666667
0.00667735,0.101461988
0.00667735,0.121754386
0.10400641,0.03625731
0.2625,-0.017992424
0.211136364,0
0.014880952,0
-0.032894737,0.1069161
0.002923977,0.115140415
0.101253133,0.088536155
0.101253133,0.088536155
0.088596491,0.091156463
0.063750149,0.306547619
0,0.023095326
0,0.169564001
0.112465659,0.228205128
0.114256279,0.317307692
0.068452381,0
-0.032894737,0.008928571
-0.016447368,0.010416667
-0.010964912,0.020833333
-0.006578947,0.020833333
-0.005482456,0
0.003700658,0
0.131147186,0
0,0.313873626
0.307921245,0
-0.018039134,0
-0.019542396,-0.008333333
0,0.218177656
0.121971596,0.074700855
0.110175613,0.05042735
0.099291197,0.027403846
0,-0.019741431
-0.014909575,-0.022916667
-0.019481724,-0.017013889
-0.018702408,0
0,0
0,-0.029014845
0,-0.025851889
-0.020681511,0
0.2125,0
-0.011601896,0
0,-0.022075321
0.044871795,-0.057291667
-0.298611111,0.013128307
-0.113492063,0.014197531
-0.047546898,0.041666667
-0.04023199,0
-0.065457799,0.125
-0.029449573,0
-0.152777778,0.208562271
-0.105208333,0
0.048477564,-0.007835657
0.045918367,-0.003841142
0.045918367,-0.003674136
-0.008577935,0.019328786
0,-0.052083333
-0.170833333,0
0.082632212,0.147187882
0.035990919,0.249427656
0.121365614,0
-0.21875,-0.041666667
-0.21875,0
0,0.235119048
0,0.306547619
0,-0.016712454
-0.014155983,0.098557692
0.00667735,-0.023838141
0.025,0
0,0
-0.020833333,-0.25
-0.041666667,0
0,0.082031716
0,-0.118910256
0.004807692,0.052991453
0.007692308,-0.006944444
0.041208791,-0.013888889
0,-0.146527778
-0.239583333,-0.175
-0.059722222,-0.216666667
-0.032894737,0.05078125
-0.047697368,0.067708333
0,0.35042735
0.333333333,0.025641026
0,-0.01856203
-0.11547619,0.02989505
0.010416667,0.104166667
-0.024381868,0.053541994
0.01361162,0.125
0.016012559,0.041294643
0.052083333,0.023005566
0.034722222,0.026839827
0.071003401,0.0125
-0.027777778,0.051889881
-0.023665675,0.35
-0.055555556,0.047172619
0,-0.000961538
0.122916667,0
0.4,-0.026041667
0.009824843,0
0.075,0.0625
0.077314815,0
0.063257576,0
-0.291666667,0
0.043963675,0.5
0.031730769,1
-0.028409091,0.069291819
-0.033673271,0.3125
0.015625,0.016369048
-0.013782051,0
-0.016447368,-0.009778912
-0.010651629,0.008928571
0.035802648,0
0.002840909,0.087962963
0.001420455,0.263888889
0.017857143,0
-0.106410256,0.038656136
0,-0.022737679
-0.010416667,0.46875
0,0.044051648
-0.083333333,0.170138889
0,0.11373307
0.37962963,0.004404558
0.199603175,0.006606838
0.042708333,0.23405
-0.032894737,0.037352786
0.042956952,0.013221154
0.036491218,0.001923077
0.042956952,0.008665717
0.028260708,0
-0.025,-0.117673993
-0.068621795,0
0,0
0,-0.015625
0.001785714,0
0.027777778,-0.010416667
0.013888889,0
0,0
0,0.009615385
0.083333333,0.052350427
0.069444444,0
0.625,0
0.120862471,0
0,0.084805162
0.036538462,0.113765182
0.009615385,-0.013177656
0.000343407,-0.032051282
0,0.010149573
0,0.039102564
-0.076388889,0.019642857
0.085565476,0.00297619
0,0.082357804
-0.041666667,0.013621795
0,0.03125
0.041666667,0
0,-0.021153846
-0.03628663,-0.120192308
0,0.15
0,0.34113431
0,0.079594017
0,0.118125
0.095572917,0
-0.041666667,0.143452381
0,0.125
0.129719388,0
0,0.3125
0,0.13525641
0,0.13525641
0.131766382,0
0.131089744,0
0.091666667,-0.002556818
0.0375,-0.080128205
0,0.068833944
0.089285714,0.080306268
0,0.108802656
0.031049679,0.022321429
0.033778195,0
0.024127282,0
0.018765664,0
0.005528846,0.050213675
-0.625,-0.060234721
-0.430555556,-0.030556453
-0.383333333,0.00703602
-0.188744589,0.029451567
-0.007291667,-0.042908654
-0.004861111,-0.04332265
0,-0.013087607
-0.095619658,0.069444444
0.197344322,0.011458333
-0.122596154,0.030963828
-0.151648352,0.028154938
-0.193738553,0.061603327
-0.202075702,0.121165293
-0.046859938,0.134958791
0.020619457,0
-0.02879022,0.051928164
-0.026172927,0.058419185
-0.01987763,0.099880952
-0.008278343,0.07797619
-0.008278343,0.044444444
0.00271282,0.0875
0.000247293,-0.125
0.016023751,0
-0.080139652,-0.015625
0,-0.12900641
-0.147435897,0
0,0.127403846
-0.092556384,0.067644558
-0.040711774,0.025952381
0,0.036710838
-0.026648352,0.063110501
-0.069291819,0.155963828
0,-0.136458333
0,0.117117759
0.081757479,0.4
0,0.075320513
0.089416536,-0.008514634
0.108424908,-0.024295663
0.082705874,0.0625
0.043564007,0.125
0.088613437,-0.09375
0.072916667,0.022058824
0,0.004073184
0.011017628,0
0,-0.006240206
-0.059926185,0.00566885
-0.0304315,0.020732601
0.036281687,-0.056619571
-0.0304315,0.038110501
-0.015394701,0.025793651
0,0.07772089
0.096241259,-0.104166667
0,0.10042735
0.038862179,0.003205128
0.125,-0.006181319
0.027777778,0
-0.217032967,0.170352564
0.001900183,0.119871795
-0.009314904,0
0,0.002375947
0.093333333,-0.028430752
0.013888889,0.009626119
0.014110999,0
0,0.062266156
-0.005208333,0.011332418
0.31547619,-0.0390625
0.236607143,-0.052083333
0.112882653,0
-0.032894737,-0.015413534
-0.027255639,0
-0.017598684,0
0,-0.001940883
0,0.033547009
0,0.002403846
-0.010683761,0
-0.056423611,0
-0.056423611,0
0.089542125,0.25
-0.020691703,0.0375
0,0.078703704
0.117441153,-0.013020833
0.056550437,0
0.027777778,0.046875
-0.003472222,0.05
0.024801587,0
-0.139423077,0.125
0.088286713,0
0.080929487,0
0.034816904,0
0,0.122405372
0,0.069575266
0.083333333,-0.022727273
0,0.186300229
0.167963177,0.211309524
0.167592746,0
0.096590909,0.0625
0,0.111111111
-0.205128205,0.150641026
0.166666667,0
0,0.155982906
0,0.139308608
0,-0.002025031
0.114316239,-0.162017094
0.075,0.111458333
-0.013888889,0.029861111
-0.025297619,0.03125
-0.025297619,0.0546875
0.058116319,-0.046574369
0.041936572,0
0.032647323,0
0.029382591,0
0.035748106,0
-0.011688312,0
0,0.027777778
0.625,-0.016447368
0.041666667,-0.190635452
0.005208333,0.048611111
0.026041667,0
0.015104167,0.055357143
0.043402778,0.0375
0,0.01875
0.025793651,0.1375
0.066414141,0
0.025793651,0.1375
-0.096354167,-0.005528846
-0.071325188,0
0.575,-0.375
0,-0.082371795
-0.13,0.052884615
0,0.059935897
0,0.301923077
0,0.168154762
0.083333333,0.145833333
0.126190476,0
0.021853147,0
0,0
0,0
0,-0.068354265
-0.049107143,-0.120192308
-0.01460114,-0.322916667
-0.006477273,0.03125
-0.027777778,0.190104167
-0.017857143,0.052875244
-0.008928571,0.059484649
0.067669173,0
0.050891117,0
0.045802005,0
0,0
0,0.150641026
0.25,0.106284341
0.125,0.123998397
0.083333333,0.185997596
0.124248798,0
0,-0.038461538
0.040384615,0
0,-0.044235857
-0.028932005,-0.041666667
-0.023145604,-0.083333333
-0.02970467,0
-0.021041459,-0.041666667
0,0.061982601
0.149427656,0.003685897
0.072790751,0
0.004807692,0.041115135
0.056318681,-0.003605769
0.0376221,0.010416667
0.065705128,0.009664443
0.06043956,0.00400641
-0.010683761,-0.257211538
0.255208333,0.022321429
0.158854167,0
0.053125,0
0.035416667,0
0.060204082,-0.075721154
-0.004017857,-0.025412088
0,0.033482143
0,-0.16474359
0,0.04931891
0,0.088203333
0,0.233802656
0.258826923,0.128135629
0.172551282,0.170847506
0.18730843,0
0.045918367,-0.6875
-0.038788526,-0.011485043
-0.145833333,0.017094017
0.265625,0
0,0.146611722
0.090264423,0
0.1328125,0.007028388
0.119318182,0.022716346
0,-0.00021679
0.020133438,-0.010683761
0.006926067,0
-0.002631579,-0.114583333
0,0.254807692
-0.05787037,-0.005997475
-0.025893551,-0.010416667
-0.023995969,0
-0.00297619,0
-0.067900155,-0.02877938
0,-0.010842196
0.00358513,-0.05582265
0,0.15625
0.123597756,0
0,-0.213541667
-0.125,-0.302083333
0,0.049067982
-0.035700188,0.020833333
-0.375,0.009138732
-0.076315789,0.01781994
0.087631193,0
0.088490764,0.104166667
0.625,-0.051808608
0.291666667,-0.112379808
0.006524725,0
0.027777778,0.014243197
-0.017361111,0.017857143
-0.001289683,0.035714286
-0.000921202,0
-0.03125,0.106570513
-0.020793269,0.086538462
0,-0.203125
0,0.115025058
0.125,0.078934829
0.125,0.078934829
0.125,0.094721795
0.122360897,0
0.277777778,0.049801282
0,-0.024853801
-0.021381579,0
-0.094017094,-0.046794872
0,0.220375458
-0.189154705,0
-0.001936432,0
0.236309524,0
0,0
0.325,0.0625
0,0.014441288
-0.086253157,-0.625
0,0.031017316
0.034722222,0.003084416
0,0.086306104
-0.103569444,0
0,0.113392857
0.041666667,-0.035714286
0.031944444,0
0.027777778,0
-0.119791667,0.074003881
0.059404311,0.004807692
-0.001488095,0.066355236
0,0.107142857
0.0625,0
0,0.030119048
0,0.026354167
0.024251701,0
-0.030870445,-0.016025641
0.306547619,-0.075520833
0.016987179,0.030208333
0,0.05843145
0.053074307,0.0375
0,0.041666667
0,0.050315934
0.062894918,0
0.055906593,0
0,0.118818681
0.122195513,0.129807692
0.125,-0.013392857
0,0.173763736
0,0.070718864
0.070718864,0
0.027777778,0.057360348
0,-0.007692308
0,0.075420673
0.137339744,0
0,0.021386054
0,0.026686508
-0.005208333,0.02202381
0,0.447916667
-0.28125,-0.037280702
-0.28125,-0.024853801
0.007326007,0.150641026
0.123362649,0
0,0
-0.035714286,0.096749084
-0.017857143,0.110570382
-0.001886447,0.186927656
-0.006524725,0.149542125
-0.031798246,0
-0.016447368,0
0,0.104166667
0,0
0.125,0
0,0.003205128
0,0.004807692
0.023130342,0
0,-0.0625
0.008820346,0
-0.010795455,0.034722222
-0.048863636,0.041666667
-0.092464115,0
0.04296875,-0.169642857
0.028645833,-0.169642857
0.028645833,-0.169642857
-0.25,-0.354166667
-0.145833333,0
-0.019166667,0.252403846
-0.022916667,0.004807692
0.043128655,0
0.101388889,-0.023848684
0,-0.125
-0.080357143,0
0,0.019953292
-0.005208333,0.037852444
0.034448622,0
0,0.258564103
0.244675214,0
0.625,0.008304196
0.253205128,0.011675824
0.625,0.008304196
0.126373626,0.003846154
0.221320346,0.197716346
0.147546898,0.205288462
0.005681818,0.092399267
0.005681818,0.083999334
-0.01733683,0.171840659
0,-0.018429487
0.087673611,0
0.07514881,0
0.131271259,0.03125
0.1875,0.04197036
0.061729379,0.040178571
0.054870559,0.040178571
0.055363217,0
0.051672336,0
-0.026991035,0.298333333
-0.030870445,0.15297619
0.017857143,-0.038461538
0,0.047619048
0.205357143,-0.625
0,-0.073794261
-0.106410256,0
-0.1,0
0.125,0
0,0
0.177083333,0.3125
0.136769231,0
0,-0.00534188
0.034090909,-0.008012821
0.011363636,0.003205128
-0.001515152,0.004807692
0.59375,0.039583333
0.139583333,0
0,0.039489701
-0.034722222,0
0.114316239,0
0.625,0.004807692
0,0.25
0,0.036646347
0.042598728,0
0.4375,-0.136111111
0.291666667,-0.136111111
0.201350733,0
0,0.143028846
0,0.189903846
-0.06017649,0.119071115
-0.005669385,0
-0.024013815,0.201884921
-0.122596154,-0.157407407
0,0.128453144
0.017094017,0.210050366
0.009615385,-0.162970193
-0.016025641,-0.183341467
0,0.275297619
-0.018939394,0.004984599
0,0.082852564
0.083173077,0
0.00353973,0.105025183
-0.100961538,0.091566915
0,0.068883145
0.01856203,0.085416667
0.043624687,0.106770833
0,0.042410714
0.005952381,0.1875
0.108363858,0
0,0.002403846
0,0.2
0.083333333,0.375
0.041666667,0
0.017857143,-0.019015152
0.005952381,-0.031691919
0.00297619,-0.031691919
-0.006189904,-0.083333333
0,0.004788273
0,-0.019951923
0.039849624,0.024038462
0.026263576,0.003846154
0.005169173,0.014652015
0.129385965,-0.020833333
0.116019215,0
0.076597744,0
0,0.087179487
0.086538462,0.067307692
0,0.135416667
0.229166667,0.25
0.243055556,0
0.3125,-0.00232589
0,0.076380582
0,-0.10224359
0.034539474,0.076121795
-0.056818182,-0.316620879
-0.020576923,0.034632035
-0.017147436,0.056845238
0.093377976,0.1875
0.05530754,0
-0.006493506,0.018963675
-0.013528139,0.026923077
-0.25,0.02063157
-0.208333333,0.022350867
-0.15625,0.02063157
0,0.625
-0.017857143,0
0,-0.07969697
0,-0.066414141
0.197420635,0.008655754
0.014423077,0
0.009615385,0
0.034090909,0
0.018939394,0
0.004732143,0
0.012276786,0
0.090277778,0.014467593
0.004464286,-0.032552083
-0.005952381,-0.034722222
-0.01078869,-0.069444444
-0.00719246,-0.208333333
-0.000412088,0.002254227
-0.104433761,0.002558726
-0.046843179,0.044791667
-0.046103677,0.055989583
0.065340909,-0.028272136
0.032371795,0
0.291666667,0
0.425,-0.063434829
0.027297009,-0.077380952
0.023397436,-0.090277778
0.027297009,-0.077380952
0,0.04375
-0.081730769,-0.25
0,0.069222444
0,0.069222444
0.015625,0.106198188
0.027777778,0.084722222
0.048239087,0
0.020833333,0.123679487
0.040064103,0.136769231
0,0.317307692
0,0.155964986
0.158442982,0.159493284
0.144594927,0.145238095
0.158442982,0.159493284
0,-0.026442308
0,0.004807692
0.194940476,0.099206349
0.178571429,0
0,-0.010897436
-0.013221154,-0.01875
-0.029647436,0.025
0.2,0.04512068
0.119444444,0.049632749
0,0
0,0
-0.625,0
0.076190476,0.104166667
0,0.332760989
0.306547619,0.379807692
0.010416667,0
0.04634324,0
0.025641026,0.015114796
0.019093823,0
0.011363636,0.020060096
0,0.125720857
0.071666667,0.223639456
0.014254386,0.132042125
0.008928571,0
0.017857143,0
0.2125,0.109375
-0.062909544,0
0,-0.00534188
0,0.001923077
0.59375,0
0,0.289434524
0,0.127403846
0,0.016841762
0.525297619,0.008928571
0,0.351818071
0.041666667,0.047619048
0.055555556,0
0,0.008985566
0.00625,0.009482941
-0.030931568,0.041666667
-0.009152098,0.041666667
0.012190694,0
0.08275641,-0.375
0.31875,0.145833333
0.185833333,0
0.375,0
0.15,0.208333333
-0.146929825,0
-0.056578947,-0.132837302
0.192533654,0
0.045940171,0
0.069230769,-0.023263889
0,0.027777778
0.004166667,0.057291667
-0.02875,0.09375
0.008333333,0.125
0,0
0.164583333,0.17281746
0.109722222,0.0125
0.01,0
0,-0.333114035
0,0.096162393
0.082424908,0
0,0.082424908
0.027777778,0.066785714
0.060398629,0
0.029513889,0.225
0.044070513,0
0.044070513,0
0.044070513,0
0,0.044070513
0,0.118278134
0.291666667,0.079433761
0.125,0.145625
0.125,0.11953125
0.034696785,0.048344017
0,0.071759259
0.005420918,0
-0.00046503,0
0,0.049278846
0.253205128,-0.5625
0,0.09828029
0.5,0.047707053
0.080208333,0.139102564
0.317307692,0.024105235
0.044179894,0.264254386
-0.007172292,0.029807692
-0.010817308,0.031565934
-0.011826923,0.037225275
0,0.218589744
0,0.283653846
0.270833333,0.009615385
0.018696581,0.036834173
-0.034188034,0.043970613
0.0583876,0.02546805
0.04629884,0.047625589
0.029978442,0.045961538
0.02565544,0.051068376
0.022448253,0.098333333
-0.012678571,0
-0.021130952,0
0.057638889,0
0.145833333,0
0.066987179,0
0.05582265,0
0.3875,-0.020833333
0.15,0
0.1875,0.038118132
-0.023157398,0.145633013
-0.003054045,0.244791667
0,0.051136364
0,0.185846561
0.149107143,0.260416667
0.183994709,0
0,0.128472222
0,0
-0.056524725,-0.035726034
-0.05771978,-0.041680373
-0.048971013,0
0.060776942,0.004712302
0.047270955,0
0.114583333,-0.000513436
0,0.227576923
0.137820513,0.400692308
0,0.310119048
0.625,0.266865079
0.38764881,0
-0.1875,0.102777778
0.11875,0
0.108928571,0
0,-0.035714286
0.4,0.075009707
0.4,0.075009707
0,-0.047781854
-0.054022203,-0.012419872
-0.05102097,-0.018629808
0,-0.010964912
-0.020833333,-0.013157895
0,0.139308608
-0.020833333,0.155982906
-0.1875,0.25
0.145833333,0.333333333
0.079166667,0
0.111102564,0
0,0.120454716
0.120454716,0
0.2125,0.1
0.103125,0
0,0.042083333
0,0.065555607
0,0.053361167
0.117324561,-0.020032051
0.104461876,0
0,-0.276388889
0,0.010016026
0,0.008642399
0.138812121,-0.071875
0.096296591,-0.071875
-0.026909722,0.166666667
-0.010310374,0
0.358552632,0
0.613095238,0
0,0.04788961
0.125,0.0703125
0.058531746,-0.041666667
0.064732143,0
0.042857143,0.080357143
-0.018256579,0
-0.030505952,0
0.005952381,-0.04265873
0,0.166666667
-0.003227321,0.25
0.022959184,0.061641484
-0.003765208,0.166666667
-0.004848178,0
-0.004040148,0
-0.01614011,0.036538462
-0.012912088,0.054807692
0,0.108344444
0,0.125
0.097222222,0
-0.220610119,-0.045800265
-0.261160714,0.03295068
-0.261160714,0.03295068
-0.180654762,-0.009920635
0.003205128,0.028296703
0.009340659,0
0,0.072916667
0.120110544,0.057916667
0.111793155,0.058796296
0.104927249,0.071354167
0.086677171,0
-0.062246964,0
0.59375,0.296875
0.395833333,0
0.337797619,0
0.03,0.125
0.018028846,0.5
-0.045833333,0.083938342
0.07288961,-0.072048611
0.0625,0.06025641
0.080769231,0.075
0,0.005952381
-0.001984127,0
0.59375,0
-0.011253925,0.024450549
-0.008533654,0.011340049
-0.002672848,0.1
0,-0.010164141
0,0.375
0.026785714,-0.025390421
-0.024576465,0.005288462
0,-0.032095798
0.004807692,-0.042639652
-0.036687271,0.004807692
0,0.078829887
0.183479532,-0.008223684
0.084138919,0
0.073621554,0
0,-0.017083333
-0.140625,0.065277778
0.144583333,0
0.008928571,0.175230769
0.002212458,0
-0.001249618,0.005674534
0.008760684,-0.017628205
0,0.073121907
0,-0.033118386
-0.020833333,-0.037258185
-0.029336735,-0.044791667
-0.114583333,0.625
0,0.090659341
0.0375,-0.010616987
-0.008052067,0.004464286
-0.007045559,0.008928571
0.125,0.0546875
-0.014384921,0
-0.122193878,0.002012363
-0.040229592,-0.0209375
0,-0.01474359
-0.01474359,0
0,-0.019347146
0.089285714,-0.052644231
0.03310058,-0.086153846
0,0.005008013
0,0.053589744
0.099725275,-0.041666667
0.07978022,0
-0.00297619,0.097321429
0,0
0,-0.048076923
-0.025939046,0.008928571
0.004807692,0.083333333
0.006854257,-0.060606061
-0.013888889,0.002418155
-0.027777778,0.003224206
-0.007771164,0.003472222
-0.026973684,0.10042735
-0.004093567,0.150641026
0,0.131998953
0.155677656,0.150641026
0,0.2125
0,0.11074045
0.204594017,0.028445513
0.020337302,0.110923721
0.039021164,0.061804233
0.049078483,0
-0.483333333,-0.025
-0.013888889,-0.004214638
-0.013888889,0.018023575
-0.032894737,-0.3125
-0.032894737,-0.1875
-0.289262821,0
-0.016447368,0.154479548
0.127372819,0
-0.038541667,0.332570208
0.058173077,0.375
-0.25,0
-0.032894737,-0.032407407
-0.095880682,-0.208333333
0,0.089928375
0.026573129,0.120673077
0.028083028,-0.002875
0.021062271,-0.003194444
-0.104166667,0.0578125
-0.074197915,0
-0.016447368,0.159455128
-0.190277778,0
0,-0.020261257
-0.018787569,-0.029840226
-0.01264881,0
-0.00843254,0
0.055138462,-0.010964912
0.030349696,0
-0.058270677,0.152097506
-0.046875,0.045963775
-0.051192434,0.078828893
-0.026589912,0.070946003
0.027777778,0
-0.032894737,0.276923077
-0.016447368,0.346153846
0.12034413,0.75
0.008547009,0.058333333
0.01025641,0.04375
-0.094298246,-0.027205433
-0.070723684,0.035580739
-0.077818076,0.071428571
0,0.009615385
0.127796053,0.05
0.106496711,0
0,0.147650794
0.154694139,0.133564103
0.147650794,0
0.166107143,0
0.006618481,0.086114253
0,0.613095238
0,0.063121402
0,0.063121402
0.024725275,0.135149573
0.003205128,0.068589744
-0.033203125,-0.003285256
0.073925439,0.024587912
0.317708333,0
0.211805556,0
0.171875,-0.1
0.035009757,0.097098214
0.00212585,0.061866019
0,0.38125
0,0.12275641
-0.016447368,-0.02220696
0.081770833,0
0,0.185630342
0,-0.026442308
0.122649573,0
0.151739927,-0.014204545
-0.125,0.013621795
-0.038461538,-0.007211538
-0.002003205,0
-0.002003205,0
0,0.207760989
0.207570208,0.207875458
0.207570208,0.208333333
-0.177564103,0.015625
0,-0.126096491
-0.307291667,-0.022556391
-0.069940476,0.065104167
-0.072668651,0.208333333
-0.062287415,0
0.017,0
0,0.02125
0,0.180701754
0.180701754,0
0,0.067307692
0,-0.120518092
-0.049579678,-0.3125
0.006106847,0
0,-0.142416667
-0.020833333,-0.284833333
-0.152833333,0
0.425,0.018518519
0.152083333,0
0.044809942,0
0,0.53125
0,-0.080121795
-0.010416667,-0.144861538
0,-0.120717949
0.317307692,-0.032894737
-0.031191572,-0.020833333
-0.025992976,0
0.088904151,0
0,0.013194444
-0.041666667,0.025
-0.026041667,0.05
-0.017361111,0
0,-0.005723443
0.042582418,-0.057692308
0.303125,0.151211617
0.186210317,0.142295127
0,0.029847756
0.126221001,0
0,0.008717949
0.012884615,0
0.004807692,0.008618234
0,0.128205128
0.239035088,0
0,-0.056390435
0,0.052991453
0.210416667,-0.000267094
0.112019231,0
0,0.04286859
0,0.050213675
0.018589744,0.0625
0.015491453,0.083333333
0,0.336538462
0,0.156346154
0.194871795,0.098557692
-0.1875,0.028589744
-0.008814103,0.05
-0.013507326,0
0.108552632,0
0.181463675,0.083133013
0.03525641,0
0,-0.03515625
-0.037239583,0
0,0.112042125
0.625,0.069305128
0.3125,0.119675214
0.202638462,0
0.027777778,0
-0.002314815,0
0.260416667,0
-0.003503788,0.067457203
0.040963526,0.004807692
0.625,-0.021929825
-0.010069444,0
-0.011239035,-0.019508406
0.034173977,-0.019508406
0,-0.002790179
-0.01171875,0
0,0.213301282
-0.011126374,0.262179487
0.183173077,0.150641026
0,0.230454441
-0.017857143,0.004268053
-0.003728414,0
-0.017857143,0.004268053
0.077923977,-0.125
0,0.192162005
0,0.01510989
0.01510989,0
0,0.258531746
-0.016447368,0
-0.016447368,0
0,-0.016447368
0.039613381,0
0.042296245,0.020833333
0,0.001930834
0.285714286,-0.051872896
0,-0.008012821
-0.010683761,0
0.027777778,0.007440476
0.02281746,0.041666667
0.104166667,0
0,0.128697192
0,0.026544289
0.099439495,0.0375
0.089353308,0
0.068530769,0.216865079
0,0.035800137
0.301682692,0
0,-0.0625
-0.007083333,0.069444444
0,0.052772606
0,0.052772606
0,-0.065413233
-0.125,0.041666667
0.015277778,0.018876764
0,0.0859375
-0.233187135,0.267094017
0,0.005208333
0.030208333,0
-0.014486593,0
0.054487179,-0.077184959
0.185576923,0.042791005
-0.041666667,0
0.242240216,0.008928571
0,0.504807692
0,0.125
0.191666667,-0.0625
0.181818182,0.106659544
0,-0.010150376
0,-0.032894737
0.101388889,0.0375
0,-0.016135204
-0.013888889,-0.025816327
0.069423077,-0.020833333
0.057852564,0
0.072686341,0.245833333
0.025379734,0.34375
0.027431423,0
0,-0.057530012
-0.058812063,0
-0.030831148,0.088259734
-0.002457785,-0.013392857
0.050994011,0.327380952
-0.024801587,0.022115385
-0.016534392,0.012820513
0.02034413,0
0.014531521,0
0.012715081,0
0.006944444,-0.009935897
0.004700855,-0.020833333
0.000976801,0
0,0.087265941
0,0.084259412
0,0.098302648
-0.010964912,0.155677656
0.625,0
0.3125,0
-0.024305556,0.009259259
-0.198863636,-0.004761905
-0.03538961,0.022222222
-0.034006734,0
0.625,0
0,0.176041667
0.340833333,0
0,-0.036410256
0,0.156722756
-0.020833333,0.146358618
0.379166667,-0.090625
0,0.030357143
0,0.043925519
0,-0.006730769
0,-0.002390491
0.062339744,-0.042548077
0,-0.158119658
-0.208333333,-0.107905983
0,0.172298535
0.10042735,0.186736874
0,0.114316239
0.504807692,0.005837912
0.169413919,-0.005208333
0,0.020833333
-0.083333333,-0.0625
-0.350250627,0.130008013
-0.26268797,0.173344017
0.125119048,-0.00462963
0.109959312,-0.00462963
0.0961984,0
0.020833333,-0.25
0,0
0,0
0,0.011094675
0.083962912,0.145833333
0,-0.007455739
0.00018315,-0.010416667
-0.004477004,0
0,-0.003780864
-0.011485043,-0.004555861
0.037519425,-0.08707265
0.048985043,-0.04599359
0.057886905,0.0859375
0.052624459,0.192708333
-0.047596154,0.314423077
0.117032967,0.28125
0,0.311355311
0,0
0,0
0.40625,0
0.004807692,-0.0125
0.057517007,0
-0.1875,0
0.026923077,0.133564103
0.01161859,0.400692308
0.057291667,0.051690324
0,0.211309524
0.194444444,0
0,0.11400641
0.11400641,0
-0.013888889,0.003563797
-0.014756944,0.011716524
0.008600427,-0.04125
0.023833689,-0.119791667
-0.011834437,0.009615385
0,0.001923077
0.049450549,0
0.032967033,0
0.01978022,0
0.043478261,0
-0.030128205,0.138888889
-0.032894737,0.75
0,-0.110119048
0.078125,0
0.009615385,-0.016447368
-0.007759784,0
-0.046052632,-0.027272727
-0.023026316,-0.014814815
-0.012531328,-0.027777778
-0.020157164,0
-0.04254386,-0.019047619
-0.069911859,0.150641026
0,-0.029811334
0,0.168177656
0,0.106757826
0.097765082,-0.025
0.126655785,0
0,-0.085813492
0.229166667,-0.081845238
0,-0.015849921
-0.010416667,-0.003508245
-0.223958333,0.037924539
-0.177083333,0.042957801
-0.122367216,0.048145933
-0.107071314,0.063596491
-0.092859687,0.056530214
-0.050766941,0.095942982
0,0.150328433
0,-0.12099359
-0.260416667,0.067307692
0.009615385,0
0.247012363,0.039921016
0.176437402,0.116300366
0.310997596,0.034218014
0.2625,0
0,0
0.59375,0
0.3125,0
0,0.115162907
0,0.149161967
0.150062657,0.020833333
0.115162907,0
0,0.023333333
0,-0.035714286
0,0.01025641
0.008547009,0
0,0
0.164583333,-0.010416667
0.126388889,-0.013888889
0.094791667,0
-0.036124466,0
-0.051041667,0
0,-0.017529726
0,-0.019720941
0,0.336538462
0,0.504807692
-0.1875,0.022351884
-0.1875,0.022351884
0.001951058,0
0,0
0.129385965,0.074550157
0.176754386,0.006564488
0.097747039,0
0.408730159,-0.041666667
0.204365079,0
0.011657427,0.15625
0.014534684,0.070684524
0.206969246,-0.035623986
0.017469618,0.364583333
0,-0.029173361
0,-0.029173361
-0.035424031,0.020833333
-0.030309725,0
0,-0.058301282
-0.020833333,-0.074358974
-0.011538462,-0.479166667
0,0.078846154
0.003205128,0.150641026
-0.046585648,-0.012037037
0.613095238,0.232142857
0.408730159,0
0,0.172716346
0.218589744,0.082371795
0.165076923,0
0.291666667,0
0.135817308,0
-0.013888889,-0.045737827
-0.013888889,-0.041164044
-0.055924145,-0.041666667
0.017424242,0.012761544
0.0125,0
0.25,-0.002883185
0.25,0.005633503
0.145833333,-0.004613095
0.125,0
0.59375,0
0.00434121,0
0.006511815,0.166666667
0.102604726,0
0,0.002403846
0.25,0.003205128
-0.1015625,0
-0.037001595,0
-0.008253205,-0.113076923
-0.006602564,-0.078846154
-0.076144689,-0.105128205
0,0.052083333
0.1125,-0.291666667
0,0.303205128
0.227403846,0
-0.010657051,0
0.035302198,-0.219298246
-0.066450811,-0.032894737
0.613095238,0
0.01543956,-0.114583333
0,0.122916667
0.246875,-0.075
0.333333333,0.015178571
0.027777778,0.027192715
-0.003196649,0.150641026
0.00625,0.025628307
0.048263889,0.003720238
-0.077380952,0
-0.016447368,0.164086538
-0.032692308,-0.022727273
0,-0.020833333
0,0
-0.020833333,0
-0.013888889,0
0,0.040244709
0.027777778,0.021130952
-0.021126374,-0.030870445
0,-0.004450113
-0.004450113,0
0.016573331,0
0,0.101220274
0.1128663,0.040306122
-0.004761905,0.062347375
-0.003809524,0.07481685
0.035503663,0
-0.041666667,-0.103033063
-0.111518781,-0.080576923
0.625,-0.0625
-0.633333333,-0.016447368
0.057721336,0.097222222
0.072406669,0
0.016287879,-0.2625
0,0.127403846
0,0.169871795
0,0.222222222
0,-0.02875
0.0109375,0
-0.01432536,-0.008928571
0.014797009,-0.058814103
0.024038462,-0.036955128
0.008012821,-0.070576923
-0.027083333,0
0.625,0.058620108
0.143421053,0.046474359
0.017805331,-0.034855769
0.00625,0
0.104166667,0.105663087
0.170375458,0.058680556
0.121273403,0.058333333
0,0.10625
0.041666667,0.1875
0.0390625,0.1875
-0.016447368,0.11507625
-0.307692308,0.008027581
-0.205128205,0.009174378
-0.055116397,0
-0.120192308,-0.020653363
-0.069024725,-0.018939934
-0.039528007,0
0.2125,0
0,0.021514423
0.021923077,0.020833333
0,0.092790369
0.101225857,0
0.049294872,0.206845238
0.3,0.082477679
0.1125,0
0,0.27827381
0,0.034086538
0.020182133,0.0546875
0.018163919,0.072916667
0,0.030799169
0.041170635,0.021909341
-0.075,0.016369048
0.001388889,-0.017857143
0.001666667,-0.017857143
-0.025818452,0.075320513
-0.004154266,0.10042735
-0.625,-0.068643162
-0.148122711,0
0.022996032,-0.625
0.024077381,-0.151041667
-0.006982601,-0.145833333
0.002403846,-0.071428571
-0.005555556,0.004807692
-0.075,0.027644231
0,-0.028953503
-0.012145749,-0.03525641
0,-0.028953503
0.005862011,-0.121794872
0.005651147,-0.125
0,0.045134256
0.065705128,0.031407135
0.15151862,-0.054910714
0.059716325,0.030357143
0,0.112618761
-0.015625,0.086098901
0,0.112618761
0,0.112618761
0,0.112618761
0,0.192016317
0.336538462,0.137820513
0.218482906,0.168589744
0.192016317,0
0,0
0,0.002403846
0.59375,-0.078525641
0,0.494047619
0.035004155,-0.006524725
0,0.060294494
0,-0.028739316
-0.060096154,0.054807692
0,0.057371795
0.114316239,0.004807692
0,0.1379662
0.201923077,-0.090909091
0.08625731,0.00625
0.060504386,0
0,0.060504386
0,0.036538462
-0.101762821,0.292307692
0,0.072110297
0.085387232,0.004807692
0,-0.0609375
0,0.009989011
0,0.011653846
-0.072916667,0.076334936
0.2125,-0.029166667
0.0078125,0.022747391
0.018349359,0.040127696
0.018486028,0.0625
0.001736111,0.028959775
0.02797619,0
0.00625,-0.054166667
-0.068181818,0.074444444
-0.007056277,0
-0.00465587,-0.037202381
-0.009278003,-0.046626984
-0.032894737,0
-0.033260234,0.145050125
-0.02582846,0.613095238
0,0.078829887
-0.055555556,0.091217627
0.067708333,0.040839947
0.04234871,0
0,0.125128127
0.173229548,-0.019176136
0.024278846,-0.009190809
0.007675137,-0.009340659
0.006822344,-0.010897436
0.006456044,-0.01875
-0.000265568,0
0,0.158293035
0.176510989,0.117528195
0.202266484,-0.032894737
0.208447802,0
0,0.017072031
0.003827839,0.02534965
0.008040936,0.265625
0.074421296,0.158653846
0.115497388,0
-0.0625,0
0.06875,0.008680556
0.0515625,-0.027777778
0.038392857,0
0,0.002403846
0.1875,0
0.00255102,0
0,0.090778687
0.065721997,0
0,0.063501855
0.194642857,0.003501855
0.089285714,0.004377319
0,0.10670641
0,0.046571022
0.037637363,0.066666667
0.025412088,0.088888889
0.046571022,0
0.02178179,0.125
0.317307692,0
0,0.065547734
0,0.076472356
0.032518697,0.104166667
0.029266827,0.125
-0.078947368,-0.016666667
0.169871795,-0.013099886
0.054093823,-0.038402152
0.090659341,-0.04021484
0.025968919,0
0,-0.116666667
-0.246527778,0.078125
0.180555556,0.014285714
0.08531746,-0.0625
0.134920635,0
0.025641026,-0.076388889
-0.33787594,-0.024853801
-0.225250627,-0.037280702
-0.141729323,0
0,0.239903846
0,0.00030525
0,0.0003663
-0.023809524,0.002403846
-0.198717949,0
0.274278846,0
0,0.135416667
0,0.022048611
0.070386905,0.002604167
-0.001201923,0.005319388
0.030440283,-0.026121795
0.097005208,0.285714286
0.154348545,0
0,0.157738095
0.149404762,0
0.010216346,-0.189599686
0.010216346,-0.189599686
-0.016447368,-0.071428571
0,-0.01474359
-0.018429487,0
-0.015625,-0.040050921
-0.024579327,-0.04282577
-0.024579327,-0.041296278
-0.03640553,-0.102564103
-0.031673882,0
-0.041737892,-0.03539108
-0.032373975,-0.048076923
-0.026527473,-0.081474359
-0.015625,-0.040050921
0.046245421,-0.007211538
0.023796805,0
0.010416667,-0.124786325
-0.145486111,0.009615385
0,0.00709707
0.02518315,0
0.372767857,-0.0625
0.011814574,0.025132275
0,0.003850316
-0.106036325,0.135714286
0,-0.005876068
-0.013507326,0.041666667
0,0.527777778
0.5,0.625
-0.275,0.015
-0.2275,0.025
0,-0.023916667
0.067013889,0
-0.039262821,-0.008653846
0.289423077,0.020833333
0.209111722,0.041666667
0,-0.002283654
-0.205128205,0.119423077
0.120914064,0.025
0.103640626,0.05
0.090685548,0
0.317307692,0.024966262
0,-0.10424654
-0.050694444,-0.049194902
-0.107024318,0
-0.038494674,-0.0234375
0.058119658,0.097222222
0.077228327,0
0.067574786,0
0,0.379807692
0.400692308,-0.173076923
-0.010670732,-0.033290816
0.369857143,0
0,-0.026442308
0,-0.010525009
0.097222222,0
-0.375,0
-0.032894737,-0.005963225
0,0
0,0
0,0
0,0.057697214
-0.057692308,0.183503401
0.007587328,0
0.25,0.292307692
0,-0.07955041
-0.088675214,-0.067498474
-0.032894737,-0.1
-0.016447368,-0.12
-0.010964912,-0.15
-0.008223684,-0.2
0.625,-0.145833333
0.208333333,0
0.0625,-0.012834821
0,0.170372596
0,0.136298077
0.201622596,0
0.162698413,0.027644231
0.144345238,0.026923077
0.12172619,0.033653846
0.101438492,0.004807692
0.019325658,-0.22265625
0,-0.078755482
0.038651316,-0.13984375
0.025767544,-0.174804688
0.030921053,-0.13984375
0.178690476,0
0,0.02845696
0.11653312,0
0.09375,0
0.0375,0
0.046875,0
0.112469236,0.079285449
0.187856414,0.013273411
-0.307692308,0
-0.40625,0.009259259
-0.000343407,-0.029278846
0,-0.005620421
-0.087660256,0.012780449
-0.045770375,0.027510684
-0.01712536,-0.026442308
0,0.090420228
0.090420228,0
0.062713675,0
0,0.069062882
-0.1875,0
0.036805556,0
0.123020833,0
0.078776042,0.044642857
-0.000200321,0.02458577
0.009436726,0.058333333
0,0.186057692
-0.047627224,0.249236874
0,0.087597299
0,-0.00849359
-0.035438034,-0.126691595
0,-0.056290298
-0.008333333,-0.068801812
0.114583333,0.046049381
0.26597219,0
0,0.069505495
0,0.069505495
0.4,0
0.179166667,0
0.325,-0.008991228
0.116842105,0
0,-0.219413919
0,-0.015803063
0.102187049,0.037296037
0,-0.048076923
0,0.002373798
-0.083333333,0
0,0.035069444
0.085,-0.02734375
0.070833333,-0.096354167
0,0.16889881
0,0.225198413
0,0.091564685
0.5,0.114583333
0.02034413,0.249236874
0.137529138,-0.008997804
0.024089069,-0.205409357
-0.048076923,-0.004321084
0.048076923,-0.068117409
0.1075,-0.025094697
0,0.0286337
0,0.234423077
0.041666667,0.261778846
0,0.09460034
0.027777778,0.155133929
0.008954116,-0.027418223
0.008053283,-0.115232794
0.09200435,0.041666667
-0.010964912,0.086951195
0,0.063232601
-0.008173077,0.087686012
0.154425039,0.161458333
0.191867623,-0.020833333
0,-0.084649245
-0.098155416,-0.068892045
0.053185096,0
0.042548077,0
0.030391484,0
0.042548077,0
0.00760582,0
0,-0.038461538
-0.060096154,0.004807692
0.317307692,-0.016287879
-0.020885547,0
0.134722222,0
0,0.0625
0,0.10042735
0,0.091910521
0.125,0.093596421
0.097015873,0.069239672
0.114428571,0.077894631
0.109945635,-0.005576923
0.202777778,0
0,0.105285191
0.340010684,0.056337719
0.178340081,0
0,0.055098516
0.064862153,0.037198516
0.047191053,0.034638219
0.055672276,0.045918367
0,0
0,0
0,0.015172328
0,-0.036119329
0,-0.039129274
0.009615385,0.083298993
0,-0.048116987
0,0.15625
0.101196026,0.003205128
0,0.181423077
-0.020833333,0.175346154
0.065145503,0
0.090673077,0
0,0.096923077
0.004349245,0.075320513
0.001754386,-0.024793956
-0.032894737,-0.018595467
-0.023368517,-0.001666667
-0.019436601,0
0,-0.1875
-0.177884615,0
0.064692982,0.125
0.084795322,0
0,0.084166667
0.022321429,0.080208333
0.037857143,0.072222222
0.04890873,-0.041666667
0,0.041626603
-0.001397196,-0.055803571
-0.005871581,-0.074404762
-0.001799519,0
0,0.068269231
0.058516484,0
-0.011899992,0
0,0
0.090277778,0.030584341
-3.31E-05,0.133826923
0.041154621,0
0,0
0,0.054807692
0,0.023846154
0,0.061346154
0.003205128,0.054807692
0,0.048076923
-0.010683761,-0.0625
-0.022435897,0
0,0.211778846
-0.1875,0
0.0625,-0.021616541
0,0.026954238
0,0.145912031
0.207570208,0.108917125
0.080436181,0.084077381
0,0
0,0
0,0.276602564
0.258653846,0.3125
-0.027777778,0.041666667
-0.045138889,0.125
-0.043981481,0
0,-0.060416667
-0.321428571,0.052321429
0.021875,-0.009259259
0.0775,-0.013888889
0.05734127,0
0.029166667,0.068055556
0.114636752,0
-0.035416667,0
-0.028125,0
-0.010416667,-0.014972527
-0.050925926,0
-0.027777778,-0.166666667
0,0.12525641
0.15025641,0
0.064423077,-0.006517094
0.375,0.575
0.280654762,0
0.002403846,0
0.004807692,0
-0.126488095,0.020337302
-0.041666667,0
0.027777778,0
0,0.317307692
0,0.061324786
0,0.04599359
0,0.182764914
0,0.154237392
0.3984375,0.038983189
0.024771062,0.041666667
0.05042735,0
0,0.177247405
0,0.098497596
0.124732906,0.074423077
0,-0.01193609
-0.034304511,0.083
0,0.086538462
0.03125,0
0.013600469,0.102297009
0.003255908,0.12275641
0.138392857,0.126488095
0.02172619,0
0.041666667,0.150641026
0,0.135336155
0.270285088,-0.026602564
0.144703104,0.083333333
0.127760397,0
0,0.28125
0,0.090673077
0.045352564,0.158653846
0,0.085952381
0.125,0.098214286
0.076190476,0
0,0.253691621
0.59375,0.05
0.276041667,0
0.200694444,0
-0.111038012,0
0.015904235,0.04047619
0.05,0.021108505
-0.0375,0.035043255
0.308333333,-0.0875
0.016317235,-0.003472222
0.012691183,-0.00462963
0.010033176,0
0,0.094951923
-0.123076923,0.416666667
-0.046245421,1
0.115954416,0
0.220070208,-0.121794872
0,-0.020833333
0.09375,-0.25
0.05952381,0.126717033
0.25,0
0.066964286,0
0.044642857,0
0.015262515,-0.125
0.03859236,0
0.142832168,0.028099415
0.097323729,-0.002777778
0.086864768,-0.032407407
0.104237721,-0.011805556
0.142832168,0.025544923
0,0.520833333
0,0.064254386
0.012609649,0.208333333
0,0.045817135
0.016297847,0.089583333
0.065348385,-0.21875
0,0.200320513
0,0.115935897
0.003205128,0.009615385
0.185576923,0.069642857
-0.375,0.004807692
0.004423077,0
0.036011905,0.011449406
-0.004721841,0
0.04981203,-0.043727106
0.039849624,-0.052350427
0,0.035984848
0.09296875,0.306547619
0.164161706,0.306547619
0.199758185,0
0,0.228295068
0,0.0584028
0.009920635,0.094764423
0.007440476,0.303435897
0.095357143,0
0.125,0.029761905
-0.071428571,0
0.029040404,0.032032628
0.017613636,0.036036706
0.001136364,0.07015873
0.000994318,0.087698413
-0.009214744,-0.025
-0.017928686,0
0,0.033653846
0.033653846,0
0.083333333,0.0734375
0.073177083,0
0,0.030982906
0.157142857,-0.076923077
0,0.054256161
0.145833333,0.022794567
0.152430556,-0.081410256
0.058044039,0
0.002210755,0
0.002737301,-0.091203704
-0.051865565,0.071428571
0.020921053,-0.057373737
0.044299451,0
0.012019231,0.047569444
0.064102564,-0.011894587
0.064102564,0.00090812
0.030235043,0.007371795
-0.013872196,0.063342434
0,0.000961538
0.030982906,-0.015625
0.030982906,-0.034722222
0.02518315,-0.069444444
0,0.15625
0.208333333,0
0.055528846,0.013541667
-0.008928571,0.103785104
0.275297619,-0.321428571
-0.023214286,0
0,0.096260684
0.146848291,-0.036858974
0.125,0.031679258
0.168859649,0.025
0.330357143,0
-0.091886309,0.004807692
0,0.105769231
0.176883013,-0.057291667
0.098824786,0
0,0.058730159
-0.032894737,0
-0.005482456,0
0.027777778,-0.021886447
0.053075397,-0.121794872
0,0.017094017
0,0.229166667
0,0.002504006
-0.027390491,0.06383547
0,0.102457265
-0.119480519,0
0.239434524,0.211309524
0.215178571,0
0,0.114583333
0.166666667,-0.041666667
0.125,0
0.183894231,0.050607386
0.109179676,0.019444444
0.164183393,0.07
0,0.024303375
0,0.040892639
-0.038461538,0.051202624
0.030379219,0
0,0.031575092
0.074038462,0.019328885
0.09417735,-0.062328297
0,-0.0078125
-0.016447368,-0.015798611
-0.010752467,0
0.047406463,-0.173214286
0,0.098557692
0.024033298,0.018826829
0.024033298,0.018826829
0.1,0.081189904
0.089783654,0
-0.086726916,-0.091145833
-0.090238458,-0.083333333
0.0625,0
-0.030418193,0
-0.025,0
0,-0.109375
0.034746503,0.188485577
0.024032391,0.317307692
-0.25,-0.035576923
0.05,0.317307692
0,-0.316620879
0,0.0875
0.097222222,0.1
0.044871795,0.020833333
0,0.262179487
0.211538462,0.317307692
0.104166667,0.005263158
0.021747076,0
-0.012987013,-0.027642649
-0.012987013,-0.026240247
0.129385965,0.200346154
0,0.14775641
0,0.091905143
-0.041666667,0.098745005
-0.06875,0.167024382
0.038634514,0.196161477
-0.028846154,0.050891192
-0.032894737,0.13375
0.081907895,0
0.0625,0
0.027777778,0
0.003205128,0.221153846
0,0.054807692
0,0.106089744
0,0.3125
-0.041666667,0
0,0
0.625,-0.010964912
0.125,0.053966866
0.058872609,0.111778846
0,0.05
0.033333333,0
0.003205128,-0.027405754
0.001923077,0.014632937
-0.028388278,-0.015625
0.004807692,-0.023490646
0.040674603,0.041666667
0.009615385,-0.004464286
0.05643315,-0.21875
0.00625,0.004891775
0,0.024799239
0.10042735,0.002110806
-0.013888889,-0.055431548
0,0.140052656
0.291666667,0.172619048
0.226190476,0.145833333
0.09375,0.032637363
0.040507987,0
-0.057591172,-0.114583333
0.023287385,0.083333333
-0.017628205,-0.301282051
0,0.625
-0.109375,-0.00625
-0.033116883,0
-0.036428571,0.089285714
0,-0.075721154
-0.153388278,0
0.022959184,0.075
0,-0.1
-0.25,0
0.039423077,0.211538462
0,-0.046978022
-0.106971154,-0.025
0,-0.008118873
0.335459184,0
-0.142076313,0.042548077
0.097088675,0
0,0.375
0,0.07139413
0,0.022250567
0,0.035066719
0,0.08635355
0.02900641,0.122195513
0.036298077,0.253205128
0,0.125
-0.088461538,0.158653846
-0.066346154,0.211538462
0.009615385,0.05715812
0.052747253,0
0.067307692,0.047962963
0.037126068,0.058653846
0.051063034,0
-0.02792813,0.291666667
-0.006944444,0.022727273
0,-0.010964912
-0.008223684,0
-0.010964912,0
-0.057291667,0.146428571
0.127797619,0.041666667
0.106498016,0
0,0.011504121
-0.017628205,0.009615385
0.141666667,-0.1328125
0.10625,-0.071875
0,0.000141215
0.010416667,-0.047222222
-0.041666667,-0.011639676
-0.032894737,0.056944444
0,0
0,0
0,0
0,0.103360806
0.125915751,-0.007692308
0,-0.079164257
0,-0.087080682
0,0.1
-0.027412281,0.025669643
0.001710526,0.033730159
0.001555024,0
-0.284722222,-0.004407051
-0.120833333,-0.027935606
-0.086309524,-0.005952381
-0.086979167,-0.006944444
-0.057986111,0
-0.1875,-0.004092262
-0.07907197,-0.020833333
0.046875,0
0,-0.074839744
-0.063120994,0
-0.036849937,-0.035714286
0.211538462,0.012239583
0,0.13181891
0.128485577,0
0,0.00716248
0.003205128,0.012029637
-0.065705128,0.062172946
0.01356456,-0.03125
0.012521133,0
0,-0.11531444
-0.003571429,-0.137904078
-0.001785714,-0.168549429
0.003472222,0.003676471
0,0.000431711
-0.020833333,0.002403846
0.009615385,0.003205128
-0.007478632,0
-0.005608974,0
-0.041666667,0.002008929
-0.03125,0.002678571
0.4,-0.056818182
-0.3125,0
-0.122596154,0
-0.026785714,0
0.1875,0
-0.064777328,0.00297619
-0.049426451,-0.107057005
-0.057073774,0.008928571
-0.032894737,-0.038537851
0.003472222,-0.006841373
-0.015900072,0.125
-0.01824249,0
-0.015873016,0.008860931
0,0.150641026
0.166666667,0
0.026923077,0.051136364
-0.119298246,0.048337749
-0.063121345,0.058130151
-0.017515664,0.054887821
-0.089473684,0.048337749
-0.014596387,0.098798077
-0.026260443,0.504807692
0,0.22034413
0,0.275430162
0.317307692,-0.075
0,0.021475275
0.004807692,0.003472222
0.104315476,0
0,0.076923077
-0.080357143,0.11353022
0,-0.052350427
-0.083333333,0.009615385
0,0
0.083333333,-0.0625
0,0.123573076
0.023231729,0.212179487
0.050363186,0.379807692
-0.013736264,-0.011551816
0.009868421,0
0,-0.003665663
-0.019097222,0.004050117
-0.006870791,0
-0.015277778,0.004628705
-0.006635802,0.005244755
0.067636866,0
0,-0.125
0.010416667,0
0.4,0.004807692
0.4,0.004807692
0.4,0.004807692
0.4,0.004807692
0.4,0.009615385
0.3125,0.002840909
0.19465812,0.038589744
0,0.148065476
0,0.125
0,0.145833333
0.083333333,0.145833333
0.108333333,0
0,0.034154541
0.049723639,-0.013392857
0,-0.161111111
-0.161111111,0
0.011607143,0
0,0.2421875
0,-0.078525641
0,0
-0.023484709,0.104166667
-0.007051164,0
0,0.11457265
0.085737179,0.112962963
0.177960928,-0.041666667
0.136562203,0
-0.033854167,0.062788668
-0.027083333,0.071758478
0.00816886,0.097959184
0.027901786,-0.010964912
0.004581767,0
0.005727209,0
0.00963386,0
0.016769689,0.184219036
0,0.106076007
0,0.527777778
0.5,0.625
0,0.246031746
0.09111465,0
-0.22965587,0.069155547
-0.191379892,0.036177768
0.116776316,0.086538462
0.613095238,0.014163614
0.168154762,-0.01784188
0.16952381,0.001923077
0.59375,0
0.080090377,-0.01875
0.113961988,0.02281746
0.100974659,-0.016319444
0.067768781,0
0,0.102638889
0.0234375,0.080729167
0.575,-0.047423246
0.625,0
0.176923077,0.010416667
0.75,0.400692308
0.037019231,0.029380342
0,0.013934676
0.002403846,0.017688301
0.071611722,-0.101419414
0,0.122794289
0.005208333,0.019230769
0.028356481,0.025
0.027517361,0.041666667
0.022013889,0
0.105654762,0
0.01379662,-0.098643092
-0.045001675,0
0.3125,0
0.034375,-0.166666667
0,0.052083333
0,-0.09469697
0,0.069638695
0.0375,0.092851593
0.082732068,0
-0.102414021,0
0,0.0625
-0.016447368,-0.046082667
-0.093858033,0.085714286
0,-0.025886346
0,-0.025886346
-0.017804343,0
-0.019508795,0
0,0.336309524
0.5,0.279166667
0,0.204956502
-0.011607143,-0.0625
-0.020238095,0
0,-0.0225
-0.05787037,0
0,0.149482065
0.35,0.07646413
0.2225,0.095580162
0.185416667,0.127440216
-0.154057018,0.007371795
0,0.504807692
-0.023477564,0.103899573
-0.003525641,0.077924679
-0.023477564,0.077924679
0,-0.035714286
-0.171875,-0.032749298
0.086538462,0.126923077
0.064903846,0.158653846
0.051923077,0.211538462
0,0.154561584
0,0.084554335
-0.01474359,0.311355311
0,0.1625
0,0.013706532
0.001488095,0.021160387
0.003968254,0.050392465
0.613095238,0.096902056
0.375,0.096825397
0.158641975,0
0.044590643,0.294047619
0.014802632,0.019707116
0.291666667,0.369047619
0.075,0.520833333
0.136072261,0.052083333
0,0.028538996
0.033418318,0.024305556
0.010793937,0.046990741
0,0.346179487
0.027777778,0.032959851
0.009259259,0
0.004807692,0.009615385
0,0.048874791
0.291666667,-0.026446697
0.01275641,0
0.006578947,0.013481219
-0.01754386,0.016177463
-0.011695906,-0.005819838
-0.063392857,0
0,0.053866273
0.000430162,-0.041666667
0.000286775,-0.0625
0.000215081,-0.083333333
0,0.052561619
0.088738262,0.010416667
0.040242165,-0.010964912
0,0.014122596
0,0.12275641
0.108058608,0.3125
0.027850275,0
0,0
0.151187263,-0.004861111
0.105057114,0
0,0.00400641
0,0.189713065
0.291666667,0.010416667
0.086217949,0.091550308
0.073441296,0.148382867
0.114925257,0.001893939
0,0.014324961
0.020833333,-0.011904762
0.001984127,0
-0.00271978,0
0.375,0
0.1875,0
0,0.129991536
0,0.154376873
0.065941499,0.375
-0.190972222,-0.015656566
0,0.004807692
0.038044545,0
0,0.036057692
0,0.300230769
0.375,0.234126984
0.183333333,0.351190476
0.224404762,0
-0.017857143,-0.030046343
0.306547619,-0.063864954
-0.013796389,-0.036249245
-0.007414594,-0.095804196
-0.007414594,-0.06733683
0.03125,0.025592949
0.029166667,0.031991186
0.03125,0.025592949
0.25,0.112009727
-0.023358586,0.125885266
0.022682838,0.167872807
0.099548116,0
0,-0.016369048
0.0125,0.095238095
0.160216346,-0.069230769
0.14241453,-0.083076923
0.08243007,0.004807692
0,-0.02311617
-0.131524725,0.051190476
-0.04521978,0.139285714
-0.058516484,0.178571429
-0.035871272,0
-0.161666667,0
-0.1290625,0
0.198158323,-0.021929825
0,0.086904762
-0.041666667,0.044642857
0.022222222,0
0.042289016,0
0.00625,0.034375
0.038194444,0.126602564
0.04677484,0.25
-0.625,0
-0.430555556,0
0,-0.007656695
0,-0.007656695
-0.007656695,0
-0.007656695,0
0.192533654,0.067708333
0,0.022232495
0.030048077,0.079847756
0.048623252,0
-0.014251374,0.106463675
-0.1625,0
0,0.125268184
0.19047619,0.05275641
0.14545177,-0.01875
-0.011585884,0.098557692
0,-0.03761509
-0.152281746,0.021956333
-0.084704665,0.034375
-0.041402968,0
0,0.02775641
-0.0625,0.030840456
-0.051869658,0.131570513
-0.098601687,0
0.008333333,0.613095238
0,0.228050595
0.125,0.310267857
0.068292125,0
0.06208375,0
0,0.053055823
0.208333333,0.005884154
0,-0.029457659
-0.032852564,-0.0296875
-0.044656065,-0.014583333
-0.041466346,-0.018229167
-0.027043269,0
0,-0.012376654
-0.025,-0.057692308
0.178571429,0
0.369047619,0
0.11284965,-0.005580357
-0.030128205,0
0.091561235,0.017032967
0.073248988,0.023846154
0.045833333,0
0,0.005952381
0,0.017857143
0.0375,-0.011342824
0.004938117,0
0.186607143,0.2875
0.211830357,0
0,0.145833333
-0.011582168,-0.079545455
0.034018065,-0.625
-0.072420635,-0.094050481
-0.07627442,-0.094070513
0,0.291666667
-0.146929825,0.067574786
0,-0.116071429
-0.009615385,0.069159189
0,0.116666667
0.224206349,0
0.168154762,0.041666667
-0.009615385,-0.073076923
-0.033653846,0
0,-0.002674279
-0.034722222,0.105387668
0.056220565,0.067307692
-0.013721805,0.076923077
-0.032894737,0.052655678
0,-0.009982639
-0.016927083,0
0.625,0.147746599
-0.020833333,0.083700526
0.239583333,0.083700526
0.156781463,0.124957483
0.179178814,0.089255345
0.156781463,0.104131236
0,0.0625
0.125,0
0.0625,0
0.225,-0.011208577
0.062231969,0
-0.034633404,-0.035966811
0.027777778,-0.03125
0.047309028,0
0,0.310267857
0,0.125
0.097222222,0
0,0.024319728
0,0.048639456
0.024319728,0
0,0.008276842
-0.041666667,0.009656316
0.203125,0.197916667
-0.129166667,0.021992481
0.072222222,0.068416832
0.093333333,0.019593088
0.076304945,0.02173913
0.067008438,0.035851648
0.04718139,0
0,0.041852679
0.045758929,0
0,0.055803571
0.256944444,0
0.057291667,0.015
0.078645833,0.0375
0.044940476,0
0.125,-0.102564103
-0.069444444,0
0.575,0.0625
0,0.021648254
0.138621795,-0.060669838
0,0.196003401
0,0.261337868
0,0.09167055
0.121582287,0.058485232
0.75,0
0,0.02577492
0.054880952,-0.016337251
-0.125,-0.033771368
-0.006944444,0.093615181
0.05747447,0.041666667
-0.032894737,-0.113392857
-0.031798246,-0.0625
-0.085694146,0
0.002853175,0.023958333
0,0.015972222
0,-0.021648673
0.033906883,0
0.00400641,0
0.003899573,-0.004166667
-0.035650725,0.01533189
-0.03028918,0.053571429
0,0.059423077
0,0.045512821
0.003205128,0.009615385
0.004166667,0
0.02001332,-0.3125
-0.058508159,0
0.03125,0.086160714
0,0.068928571
0.023065476,0.109920635
-0.042446581,0
-0.032894737,0.0625
0.030701754,0
-0.140625,-0.0625
0,-0.0234375
0.4,-0.08346688
0.179166667,-0.12099359
0,0.057623626
0.025,0.036538462
0.010416667,0.090277778
-0.057291667,0.270833333
0.02779412,0.142857143
-0.017071759,0.010714286
0.0375,0
-0.017280983,0.125
-0.028846154,0.009615385
0.078125,0.024673203
0.005208333,0.093341503
0.019855859,0
0,-0.086348684
-0.006944444,-0.017361111
-0.007638889,0
0.333333333,0
0.021663233,0.122829327
-0.134989316,-0.011363636
0.013888889,-0.072916667
0,0.069444444
0.025,-0.034824561
0.010416667,-0.047697368
0.001754386,-0.027631579
-0.003446115,0
-0.05,0
0,-0.053385417
0.020833333,-0.085069444
-0.014583333,-0.104166667
-0.014583333,-0.078125
0,0.000925926
0,0.009837963
-0.000771605,-0.0125
0.001157407,0
0.001068376,0
0.000992063,0
0,0.110389423
0.002018541,0
0,-0.067660256
0.166666667,0.009615385
0.013336895,0.028445513
0.208333333,-0.125
0.152777778,0
0.120833333,0
0.208333333,0.097222222
0.027777778,-0.3125
-0.14244281,0
0.59375,0.117673993
0.172916667,0.141208791
0.214583333,0.186927656
-0.265625,0.0625
0.416666667,0.013869048
0.087202381,0
0.081001984,0
0,-0.039488636
0.145833333,-0.130208333
0,-0.3375
0,-0.067708333
0,-0.25
-0.0140625,0.085671769
0.016861979,0.211309524
0.046822917,0
0,-0.333333333
0.125,-0.666666667
0,0.013125763
0,-0.021441585
0.069951923,0.026750283
0.055961538,0.03210034
0.151923077,0
0,0.026362179
0.03489011,0
0,0.189903846
0.143589744,0
0,0.059484649
0.127604167,0
0.057291667,0.046875
0.05952381,0
0.052083333,0
0.083333333,0.051968864
0.041666667,0.070112179
0.3375,0.400692308
0.0625,0.211805556
0.21875,0.204166667
0.175,0.1875
0.138888889,0.28125
0.119047619,0.5625
0,0.222054335
0.176510989,0.292307692
-0.097056878,0
-0.08319161,0
-0.0125,-0.1875
0,0.043597028
0.134615385,0.311355311
0.171090842,-0.194907407
0.138888889,0
0,0.301923077
0,0
0.070942982,0.166991342
0.151461988,0.139285714
0.157852966,0.15
0.163128976,0
0.151476907,0
0,0.125
0.125,0
0.09375,0
0.09375,0
0,0.218177656
0.193681319,0.25
0,0.211805556
0.027777778,0
0.006944444,0
0.613095238,0.102678571
0.216517857,0.008928571
0,0.080751425
-0.000200321,0.137179487
0.054830586,0.150641026
0,0.201388889
0.083333333,0.183333333
0.135416667,0.208333333
0.208333333,0
-0.008814103,0.198819699
0.036650849,0.430555556
0.1129884,0
0,0.101923077
0.101923077,0
0,0.121394231
0.1484375,0.046474359
0.272959184,0.062129495
0,0.269440084
0.224533403,0
0,0.036057692
0.005208333,0.197368421
0.004807692,0.043589744
0,0.20734127
0.135416667,0.192460317
0.147108844,0
0.125,-0.041666667
0.083333333,0
-0.25,-0.003869048
-0.083333333,-0.005416667
0,0.155238858
0.086538462,0.210050366
0,-0.088942308
0.063701923,0.360119048
0.164766484,0.53125
0,0.226923077
0.051948052,0.022649573
0.05257659,0
-0.125,0.009615385
0,-0.0125
0.041666667,0
0.071534319,0.041666667
0.079253472,0.090277778
-0.203947368,-0.010360963
0.205357143,0
0.104166667,0
0,0
0,-0.198076923
0,0.077724359
0.10042735,0.009615385
0,0.158653846
0,0.211538462
0,0.089423077
0,0.111778846
0,0.149038462
0,0.149038462
0,0.148237179
0,0.5625
0,0.130868437
-0.633333333,0
0,0.006336806
-0.036574074,0.053472222
0,0.150641026
0,0.049038462
0,0.186776557
0.088942308,0.245054945
0.114850427,0.261927656
0.111198325,0.332570208
0,0.041666667
-0.028355573,0.100542092
0,0.067320502
0.033653846,0
0,0.063151761
0.035172065,0.150641026
-0.037774725,0.160714286
0.039148352,0
0,0.027777778
0.004734848,0.004807692
-0.031517094,0.285714286
0.103708791,0
0,-0.091666667
0,0.145621566
0.077246827,0
0.011363636,0.030629006
0.005681818,0.035004579
0.003787879,0.040838675
0.040199384,-0.0125
0,0.058379121
0,0.258531746
0,-0.084126806
-0.10465587,0.018518519
0,-0.34375
0,0.139802632
0,-0.1875
0,0.063492063
0.144345238,0
0.058080808,0
0.022205128,0
0.016653846,0
0.011102564,0
0.008326923,0
0.007401709,0
0,-0.042983059
-0.123076923,0.078296703
-0.109508547,0.104395604
0,0.110182692
0,0.125923077
0,0.176292308
0,0.274423077
0,0.010833333
-0.058333333,0.291666667
0.5,0.244047619
0.202403846,0.247619048
0.202403846,0.247619048
0.145421245,0.494047619
0,0
0,0
0,0
-0.15,-0.014219114
0,-0.083333333
0,0.125
-0.020833333,0.1875
0,0.008782926
0,0.11225798
0.10042735,0.152380952
0.116177463,0.009615385
0,0.067819086
0,0.069001105
0.041666667,0.100620468
0.197368421,0
0,0.313492063
0,-0.096924603
0,0.024420024
0,0.625
-0.055277778,0
0.027777778,-0.070833333
-0.053240741,0
0,0.054807692
0,0.254807692
0.208333333,0
0,0.12005108
0,0.107371795
0,0.055288462
0.080528846,0.004807692
0,0.097222222
0.097222222,0
0,0.309695513
0.143772894,0.625
0,0.309294872
0.0625,0
0.022128968,-0.027777778
0.009652281,0
0,0.016666667
0,0
0.025,0
0.335459184,0.025
-0.2,0.086195055
0.0125,0.091220238
0.07081044,0
0.375,0.140769449
-0.035714286,0.05
-0.017857143,0.037985975
-0.008928571,0.043412542
-0.010150376,0.200346154
0.031781184,0
-0.213461538,0.504807692
-0.207905983,-0.016447368
0,0.093368437
-0.010576923,0.306547619
0.125,0
0.625,0.002923977
0.3125,0
0,-0.022937229
0,0.246153846
0,0.067045115
0,0.078219301
0,-0.052907509
-0.032491987,-0.080128205
0,0.112599206
0.125,0.095982143
0.21577381,-0.1875
0,0.054807692
0,0.229166667
0.083333333,0.2875
0.175,0
0,-0.020534674
0.06737013,-0.026141827
0,0
0.05,0
0.004807692,0.0625
0.002403846,0
0,0.039903846
0,0.043531469
0.191923077,-0.068681319
0.047222222,0
0.166666667,-0.087549603
0.145833333,0.279166667
0.038541667,0.395833333
0.230833333,0.291666667
0.254166667,0
0,0.004807692
-0.158110119,-0.2625
-0.013888889,0.129166667
0,0
0.125,0.0375
0.613095238,0.306547619
0.357142857,0
0,0.354166667
0,0.128846154
0.148237179,0.004807692
0.254807692,0.140625
0.377403846,0
0.259014423,0
-0.017857143,0
0,0.091854396
0.145260989,0.052083333
0.22348247,-0.171875
0,-0.072577099
0.184915414,0
0.145833333,0.060542929
0.177380952,0.064204545
0.04702381,0.074449036
0.0370671,0.090993266
0.060813041,0
0.073767007,0.032323232
0.150346154,-0.020997807
0.100230769,-0.019997259
0.011599696,-0.013020833
0.036299595,-0.000347222
-0.217032967,0.050611888
-0.022331835,0.05042735
0.05,-0.03125
0,-0.04375
-0.441666667,0.005569585
-0.181666667,0.019465488
-0.081931818,-0.013888889
0,-0.032894737
-0.016447368,0
-0.016447368,0
0.012945869,0.013888889
-0.000707265,0
0,0.146703297
0.086538462,0.171474359
0,0.071834936
0.149278846,0.004807692
-0.032894737,0
-0.031798246,0
0.235066834,0.337929182
0.20929929,0.400692308
0,-0.307692308
0,-0.104789886
-0.000934829,-0.333333333
0,0.148809524
-0.135416667,0
0,-0.038461538
-0.083333333,0
0,-0.056818182
0,0.249236874
0.041666667,0.09375
-0.185515873,0
0.083333333,-0.005457362
-0.006113946,0.004791667
0.015121882,-0.025833333
0.00953154,-0.032291667
0.004807692,0.004166667
0,0.09861533
0.069070513,0.129499433
0,0.01875
0,0.346153846
0.045089286,-0.010533737
-0.1484375,0
-0.067708333,0
0.191666667,0.002840909
-0.0125,0.020833333
0,0.40625
0.009848485,-0.013865546
0.2,0
0,0.165903541
0,0.10042735
0,0.093333333
0,0.158653846
-0.0125,0.211538462
0.104166667,0.15625
0.03125,0.208333333
0.1375,0
0,0.174832112
0.176510989,0.150641026
0.005208333,0
0.046363161,-0.6875
0.3125,-0.034722222
0,0.113581731
0.15625,0.203125
0.2,0
0,0.06867284
0.072916667,0.018518519
0,0.227097302
0.228594322,0.225899685
0,0.033066239
-0.106971154,0.292307692
0.3125,0
-0.032894737,0.128351648
0.322368421,0.22542735
0.009259259,0.051923077
-0.002160494,0.064903846
-0.00162037,0.086538462
0,0.054807692
0.0625,0
0.025,0
-0.294642857,-0.005708683
0.019886364,0.009782318
0.125,0.120089286
0.125,0.137244898
0.021052632,0.179276316
0.151842105,0
0.190705128,-0.054230769
0.0227849,0
0,0.06989775
-0.000405913,0.156691523
0.161805556,0.276041667
0.215833333,0
0,0.064460059
0.04393315,0.114423077
0.229166667,0
0.069430272,0
0,0.172981532
0.15810058,0
0.336538462,0.009424603
0.134615385,-0.121794872
0,0.22603022
0.22603022,0
0.03003108,-0.026785714
-0.026058201,0.041666667
0,0.084147334
0.107257326,0.065705128
0.00625,0.095942982
0.066045322,0
0.004166667,0
-0.040064103,0.099403541
-0.155838116,-0.192307692
0.358630952,-0.025
-0.0625,0.047046703
-0.01953125,0.239035088
0,-0.123397436
0,-0.092908955
-0.126666667,0.058867521
-0.03125,-0.03125
-0.020833333,0
0,-0.010416667
0,0.148580586
0.126923077,0.150641026
0.044871795,0.104166667
0.023237179,0
0.027777778,0
0.3125,-0.020947802
0.208333333,-0.020947802
0.208333333,-0.024439103
0.08125,-0.038461538
0,0.011523417
0,0.02359284
0,0.00625
0.033854167,0
0.125,0.003472222
0.0125,0
0,0.228403541
0.311355311,0.249236874
0.048331876,0.057741477
0.034275932,0.15625
0,0.1875
0.059027778,1
0,0.124427656
0,-0.016666667
-0.025,-0.025
0,-0.012048908
-0.060576923,0.048611111
0.25,0
0,0.325
0,-0.035416667
0,0
0,-0.032894737
0,0.068227868
0.030701754,0.06075686
0,-0.031364469
-0.031517094,-0.041666667
-0.02724359,0
-0.043536325,0
-0.03731685,0
0.009615385,0
0,-0.011084402
-0.027777778,-0.001001603
-0.014556624,0
0,0.050153715
0.044871795,0.031793727
0,0.046474359
0.017994505,0
0,0.031049679
0,0.121007234
0.129730389,0.025
0.110822048,0
0.014880952,0.175138462
0.009615385,-0.205929487
0,-0.03125
-0.015625,0
-0.203258547,0
0.006578947,0.188255495
0.138357914,0.194791667
-0.032894737,0.083333333
0.054276316,0
0,-0.005
0.11875,0
0.023237179,0
0.047979798,0
0,-0.115467865
-0.185897436,-0.004370629
-0.181991035,-0.019230769
-0.151659196,0.001923077
-0.147850739,0.002403846
-0.129369397,0.004807692
0,0.025
-0.125,0.125
0.05,0
0,0.005008013
0.044871795,-0.114583333
0.046875,-0.113636364
0.090565304,-0.020833333
0.072452244,-0.020833333
0.072452244,0
0,0.063589744
0.045421245,0
0.06025641,0
0,0.124174183
0,0.172190598
-0.048611111,0.075
0.046240602,0
0,0.033214547
0.011476608,0.083333333
0.033214547,0
0,-0.09994973
-0.063131313,-0.110995255
-0.150966982,0.001136364
-0.092122221,0.002840909
-0.068104826,0
0.136378205,0
0,-0.045285043
-0.141666667,-0.006449301
-0.049392628,-0.040590659
0.048442009,0.058238636
0.014125631,0
-0.027631579,0
0,-0.001205739
0.130555556,0.112585034
0.126870748,0.0625
0.027777778,0.075636198
0.030092593,0.122964453
-0.065277778,0.132389056
0.028935185,0.088688494
0.090157615,0
-0.25,0.011363636
0,0
0.075,0.005208333
0.35,0
0.25,0.25
0.067857143,0
-0.045496795,-0.009722222
0.011979167,-0.059116809
0,-0.037241124
-0.009889307,0
-0.04,0.037827642
0.009183673,0
0.006617647,0
0,0.003205128
0,0.063163919
0.076762821,0
0,0.013013082
0,0.015181929
0,-0.006781685
0,0.16025641
0.197649573,0.083333333
0.176923077,0
0,0.175
0,0
0.191666667,0
-0.0125,-0.001953125
0.054807692,0.050732601
0.073443223,0.022435897
0,0.267094017
0.252403846,0.317307692
-0.013888889,0.002604167
-0.013194444,0
0.186352632,0.001262626
0,0.050830148
0.046016484,-0.008152174
-0.1875,-0.052083333
0,0.085750534
0.068389423,0
-0.032894737,0.161267007
0.045573383,0
-0.032894737,0.101190476
0.122587719,0.116666667
0.087562657,0.3125
0,-0.133
0.026041667,0
0.118055556,-0.25
0.059857443,0.066071429
0,0.068384615
0.133826923,-0.0625
0.037083333,-0.09375
0.127403846,0
0,0.086309524
0.291666667,0.117931548
0.125,0.072916667
0.113095238,0.0625
0.097098214,0
-0.032894737,-0.008928571
0.075,0
0.016315901,0.03458595
0.001623377,0
0.1875,0.037895928
0.076722756,0.034393491
0.082086895,0.044711538
0.061565171,0.149038462
-0.316666667,0.004464286
-0.100622294,0.034090909
-0.052083333,0.144736842
0.098182957,0
0,0
0.005408654,0
0,-0.000267094
0,0.030425824
0.045432692,0.0125
0.0421875,0
-0.377232143,-0.023637821
0.077806122,0
0,-0.006524725
-0.00133547,0.183760684
0,0.234833576
0.390277778,0.143778345
-0.046875,-0.024679487
-0.005338542,0.034855769
-0.000542406,0.083333333
0.018974359,0
0.015184295,0
-0.011607143,0.153283013
-0.40625,-0.025162338
-0.165097403,0
-0.247916667,-0.022049565
-0.1859375,-0.022223312
-0.138988095,-0.037362637
0,0.183550824
0.137413368,0
0.375,-0.141666667
-0.0625,-0.041666667
-0.055555556,0
0.1,0.063433333
0.152888095,0
0,-0.069310897
-0.097222222,-0.048377404
0,0.087759463
0,0.252403846
-0.203125,0.140705128
0,0
0.044888664,0.077380952
0,0.116739766
0,0.033413462
0.003205128,0.077510684
-0.063461538,-0.174257258
-0.031971154,-0.174257258
0.306547619,0
-0.032894737,-0.020833333
-0.032894737,0
0,0.01305897
0.170921053,0
0.131015038,0
0,0.011705872
0.010565476,0.008547009
0.023411745,0
-0.0375,0.005128205
-0.01875,0.006153846
0,0
0,0
0,0
-0.219017094,0
0,0.025641026
-0.0375,0.02717366
-0.013641827,0.038478535
-0.007788462,0.049905303
-0.006490385,0.074810606
0,0.00731456
0.08625731,-0.125
-0.052318296,0
0,0.028553922
-0.048611111,0.036858974
-0.018055556,0.039930556
-0.01547619,0.043560606
-0.013541667,0.060416667
-0.025925926,0.06712963
-0.023333333,0.075520833
-0.021212121,0.100694444
-0.017948718,0.151041667
-0.015555556,0.208333333
-0.015885417,0.3125
-0.01495098,0.3125
-0.01412037,0.625
0.5,-0.029624542
0.170375458,0
0.046428571,-0.1875
0.095357143,0
-0.070935654,0
-0.055172176,0
0,-0.110871272
-0.030514129,0
-0.026699863,0
-0.041666667,0.035719697
0.004616477,0.016666667
0,0.022324811
0.008208671,0
0.008208671,0
-0.017857143,0.178571429
0.044191919,0
-0.015432099,0.089285714
0.002840909,0.023237179
-0.010279304,0.120626781
0,0.047451637
0.02091313,0
-0.009770438,0.069401042
-0.013888889,0.014138639
0.306547619,-0.125
0.194871795,0.135651328
0.073356736,0.504807692
0,0.335332723
0.313507326,0
-0.01077381,0
-0.008978175,0
-0.007695578,0
-0.007695578,0
0,0.044871795
0.037588899,0
0,-0.058842383
-0.010683761,-0.072138278
-0.047847985,-0.070705128
-0.061293363,0
0.613095238,0.053254229
0.301587302,0.029338972
0.295238095,-0.135307018
0.146557801,-0.008333333
0.016369048,0.044871795
0.03125,0.026923077
0.026246075,0
-0.001796559,-0.052083333
-0.024784919,0
0,0.171401998
0.148392857,0.323639456
0.112554665,0
0,0.004765625
0.0625,-0.012410714
0.020833333,-0.0059375
0,0.011217949
0.004807692,0.014423077
0.003205128,0.028846154
0.004807692,0.014423077
0.1875,0.00242674
0.15625,-0.02135989
0.080357143,-0.046016484
0.023260073,0
0,0.019970414
0.083333333,-0.002913753
0.11875,-0.010042735
0.069230769,-0.016666667
0.039957265,0.005
0.048461538,0
0,0.119679487
0.081263605,0.097916667
0.107142857,0.079325
0.065897321,0.114166667
0,-0.025101273
-0.015046296,-0.005208333
0.125767544,0
0.15,0.358630952
0.204081633,0
0,0.110284911
0.013883438,0.155677656
-0.003571429,0
-0.042410714,0.0275
0.247619048,0
-0.217032967,0.04841914
-0.096053114,0.038780664
-0.217032967,0.04841914
-0.00087633,0
0.613095238,0.08875
0.454365079,0.0390625
0.34077381,-0.020833333
0.15232684,0
0,0.064983974
0.213341346,-0.040865385
0.170673077,0.020833333
0.068209135,0.0625
0.053685897,0
0,0.072075691
0,0.072075691
-0.038194444,0.325346154
0,0.132221795
0.004889456,0.009615385
0,0.039594488
0,0.081349206
0,0.097619048
-0.041666667,0.204365079
0.005208333,0
0.208333333,0.036706349
0.240833333,0.192731227
0.19375,0.22026426
0.189711538,0.239316239
-0.375,0.152403846
0.129385965,0.003472222
-0.006578947,-0.09375
-0.012426901,-0.1875
0,-0.004714209
0.076602564,-0.054947917
0.033553686,-0.065
0.014342949,-0.066666667
0.005263807,0
0,-0.084710075
-0.047367095,0
0,0.045512821
0.128205128,-0.078525641
0,-0.267857143
-0.333333333,0
0.005681818,-0.030310618
-0.101430976,0.008634795
0,-0.413461538
0.076388889,0
0,0.076388889
0,0.016267587
-0.013392857,0.036742424
0,0.199928909
0.187010796,0.155677656
0.187010796,0.155677656
0.222537801,0
-0.011363636,-0.088942308
-0.022727273,-0.044471154
0.125,0.025646853
0.09375,0.034461538
0.0625,0.038290598
0.052083333,0.001602564
0.0475,0.044871795
0.09375,-0.080769231
0,0.05789072
0,0.007655133
-0.045138889,0
0,-0.0625
0.063802083,0
0.072649573,-0.016395621
0.038191719,-0.0546875
0.033948195,-0.072916667
0.007889432,0
0.007231979,0
0.033653846,-0.059294872
0,0.083867521
0,0.060069444
0.006944444,0
0.101923077,0.0375
0.034493284,0.045
0.060418428,0
-0.218864469,0.019284188
-0.119635862,0
-0.023076923,0.01529304
-0.019230769,0.027403846
0.435267857,-0.142857143
0.198883929,0
-0.040515351,-0.044642857
-0.027010234,-0.053571429
0.0125,-0.026515152
-0.016761364,0
0,0.165903541
0,-0.010817308
0,0.005008013
0,0.319444444
0.071428571,0
0,0.105540293
0.099587912,0
0.046875,0
0.21682224,0.200346154
0.204385767,0
0,0.204365079
0.204365079,0
-0.014756944,0.01953125
-0.00462963,0.03125
0,0.193452381
0.285714286,0.136904762
0.142857143,0.229166667
0.75,0.039657738
0.2625,0.046626984
0.215833333,-0.00297619
0.179861111,0.009920635
0,0.39702381
0.19047619,0.4875
0.314285714,0
0,0.18215812
0.252403846,0.041666667
0.201923077,0
0.138888889,0
0.092592593,0
0.055555556,0
0,0.291666667
0,0.310267857
0,0.275297619
0,0.127840909
0.182291667,-0.022727273
0,0.035233516
0.078296703,0.027403846
0,0
0,0.073660714
0.430555556,0.034722222
0,-0.079300214
-0.064683494,0
0,0.230654762
0.125,0.29389881
0.208333333,0.275297619
-0.313596491,-0.291666667
-0.302631579,0
0.625,0
0,0.135416667
0.08625731,0
0.054276316,0
0.043421053,0
0.375,-0.03125
0,0.072475144
0.216208791,-0.307692308
-0.019491035,0.000694444
0,0.031593407
0,0.138888889
-0.125,0.208333333
0.122916667,0.0625
-0.222222222,0.00625
0,-0.178463203
0.004807692,0
0.004807692,0
0.003205128,0
0.027777778,0
0,0.625
-0.09672619,0.03792735
-0.033611111,0
-0.330357143,0.328125
0,0.155592949
0.221153846,0.111885684
0.147716346,0.207932692
0,0
0,0
0,0
0,0.041466346
0,0.067307692
0,-0.052083333
0.042876752,0.017342033
-0.009199134,0.027777778
-0.004545455,0.013888889
-0.022727273,0.008730159
-0.007575758,-0.002777778
-0.330357143,0.02004795
-0.027777778,0
-0.13962585,0.079606009
0.613095238,0
-0.095918062,0.013888889
-0.076263101,0
0.258333333,0.005408654
0.179510073,-0.085576923
0,-0.053571429
-0.140625,-0.066964286
-0.09375,-0.125
-0.059821429,-0.125
-0.059821429,0
0,-0.006547619
0.004166667,-0.020833333
0.002777778,0
-0.005092593,0
0,-0.0125
0,0.018187831
0,0.020171958
0,0.02281746
0.00255102,0.048611111
0.016369048,0
0.000223214,0.026383438
0.015171914,0
0.613095238,-0.041829735
-0.003295144,0
0.055208333,0.029807692
0.272435897,0.03337736
0.12564807,0.09375
0.233516484,0.062156593
0.10625,-0.009375
0.01953125,0
0,-0.00625
-0.03125,-0.010416667
0.083333333,-0.0671875
0,-0.06223956
0.002403846,-0.096307002
-0.051007326,-0.067481269
-0.04463141,-0.072301359
-0.071219984,-0.021827652
0.10842803,0
-0.100784413,0
0.125,0
0.083333333,0
0,0.061263736
0.21875,0.2247151
0.145833333,0.152014652
0.279166667,0.177350427
0.223630536,0
-0.005448718,0
0.082258681,0.033567995
0.065806944,0.041339613
0.051366898,0.048229548
0.04402877,0.072344322
0.125,0
-0.020833333,0.054028191
-0.019176136,0
0.21875,-0.040895563
0.08125,-0.059705688
0.0609375,-0.055864846
0.0609375,-0.076259158
0.044097222,-0.084553571
0.025555556,-0.049319728
-0.006498016,0.041666667
0,0.126373626
0.120421245,0
0.168589744,0
0,0.130510858
0,0.124186081
0.183878434,0
-0.205217236,0.048065476
0.030351593,0.163636364
0.073343515,0
-0.032894737,0.0625
0,0.291666667
0.047971491,0
0.042641326,0
0.08826256,0.153125
0.075653623,0.25625
0.05426884,0.1546875
0,0.091041667
0.017857143,0.056666667
0,0.044047619
0.039417989,0
-0.031462585,0.2875
0.014184982,0
0.01356456,0
0.011931818,-0.021794872
0.029877622,0
0.071786423,-0.0625
0.05890687,0
0.021250827,0.1125
0.613095238,0.003968254
0.087053571,0.05
0.053571429,0
0.055059524,0
0.172800926,0
0.119423077,0.019472789
0.06917735,0.079698129
0.075189224,0
0.00525641,0
0.004807692,-0.018154762
-0.041666667,0.087102001
0.015491453,0.069190069
0.02724359,0.103785104
0.01981352,0.207570208
-0.041666667,0.113988095
0.226923077,0
0,0.164072039
-0.099893162,-0.047594773
-0.088621795,-0.027699492
-0.055817478,0
0,-0.158468558
-0.139542656,-0.152083333
0,0.06025641
-0.006930272,0.049871795
-0.25,0.042376495
0,0.178205128
0.625,-0.022935398
0.3125,-0.024136578
0.031059219,0
0,0.030982906
0,0.046474359
0.049278846,-0.014262821
0.039423077,-0.005128205
0,0.030769231
0,0.002403846
0.030769231,0
0,0.105738706
0.284455128,-0.001388889
0.209869124,0.025
0.111988706,0
0,-0.026106532
-0.025827991,0
-0.022843216,0
0,0.049699544
0.049699544,0
0,0.024172009
0.039423077,0
0,0.026785714
0.043055556,-0.045492702
0.023059117,0.251046572
0.101428953,0.186927656
0.009615385,-0.03467366
0.013141026,-0.05201049
0,0.048188681
0.131911058,0.113765182
-0.044996439,0.224542125
-0.035941142,0.494047619
0.045123626,0
-0.021033654,0.081770833
0.067746779,0.064417353
0,0.071849045
-0.017857143,0.145260989
-0.011904762,0.207570208
0.4,0.002225783
0.4,0.008814103
0,-0.056953463
0,-0.085430195
0,-0.097634508
0,-0.136688312
0,-0.227813853
0,-0.075937951
0.023958333,-0.165178571
-0.122354167,0
-0.041666667,-0.270833333
0,-0.180555556
0.022295322,0.049450549
0.012715081,0
-0.005902778,0
0.008352162,0
-0.033163265,0
0.005952381,-0.0625
-0.045454545,0.004934211
-0.003962321,0
-0.002641547,0
0,0.107675918
0.11587419,-0.211080586
0.208531746,0.014109105
0.208531746,0.015194421
0,-0.166666667
0,0.336538462
-0.071757519,0.054276316
-0.022918625,0
0.047435897,0
0,0.135119048
0.130952381,0
0,0.135119048
0,0.152008929
0,0.07202381
